Net Profit,Total Trades,% Profitable,Avg Trade,Max Intraday Drawdown,Profit Factor,Return on Account,Custom Fitness Value,k_ratio,ret_dd,numOptimisations (.KB_ES_60_KB_2503_001)
97537.5,4168,52.9990403071017,23.4015115163148,-48075,1.08280362922481,216.329359578597,0,0.382758700679885,2.02886115444618,1
112275,4110,52.2384428223844,27.3175182481752,-54275,1.09722988991004,225.678391959799,0,0.265388411792739,2.06863196683556,2
49125,4635,52.9234088457389,10.5987055016181,-71775,1.03862749530671,73.9695087521174,0,0.347837294499255,0.684430512016719,3
81850,5106,53.6427732079906,16.030160595378,-69200,1.058037297029,121.236807998519,0,0.418595370492276,1.18280346820809,4
67562.5,2480,54.8387096774194,27.2429435483871,-70262.5,1.06224376986503,103.247373447947,0,0.330639947593301,0.961572673901441,5
95837.5,4678,52.6934587430526,20.4868533561351,-60037.5,1.07083660553425,173.069977426637,0,0.443618863201806,1.59629398292734,6
-11937.5,3407,50.7191077194012,-3.50381567361315,-71062.5,0.988775402263725,-17.102435530086,0,0.188533619884778,-0.167985927880387,7
81850,5106,53.6427732079906,16.030160595378,-69200,1.058037297029,121.236807998519,0,0.418595370492276,1.18280346820809,8
20962.5,2305,54.4468546637744,9.0943600867679,-78675,1.02080438666137,27.9873164218959,0,0.24164350177622,0.266444232602479,9
35550,2437,54.5342634386541,14.587607714403,-72600,1.0328964871086,51.0592459605027,0,0.294704768656657,0.489669421487603,10
109400,2663,55.1257979722118,41.0814870446864,-69412.5,1.09168141963734,170.00777000777,0,0.408435892923415,1.57608499909959,11
103637.5,2642,54.9205147615443,39.2269114307343,-61762.5,1.08787493375729,182.943512797882,0,0.427117459929727,1.67800040477636,12
157962.5,4926,53.7149817295981,32.0670929760455,-51262.5,1.12013042568968,318.955073195356,0,0.438920252785404,3.08144355035357,13
128175,2673,55.181444070333,47.9517396184063,-66075,1.10727400169479,210.079901659496,0,0.44910648675309,1.93984108967083,14
46462.5,3920,50.3316326530612,11.8526785714286,-62275,1.04194170813446,77.9735682819383,0,0.285238824610841,0.746085909273384,15
73425,2619,54.5628102329133,28.0355097365407,-67412.5,1.06211009368325,118.094089264174,0,0.371076600192449,1.08918969033933,16
19962.5,2168,53.7361623616236,9.20779520295203,-62175,1.02173143914653,33.8778107764107,0,0.240630145460564,0.321069561720949,17
110137.5,2662,55.0338091660406,41.3739669421488,-69412.5,1.09230720878338,171.153846153846,0,0.412489530267063,1.58670988654781,18
16837.5,3184,52.858040201005,5.28815954773869,-54362.5,1.01751397737615,33.3003708281829,0,0.174716982237182,0.309726373879053,19
111987.5,4865,52.4357656731757,23.01901336074,-44437.5,1.08180689226948,267.432835820896,0,0.425716274310224,2.52011251758087,20
109225,2662,55.1089406461307,41.0311795642374,-69412.5,1.09153955749246,169.73581973582,0,0.408082423301871,1.57356383936611,21
77762.5,4743,52.6460046384145,16.3952139995783,-55225,1.05704251826993,151.509985387238,0,0.430789254850573,1.40810321412404,22
130150,4997,52.9317590554333,26.0456273764259,-54162.5,1.08974469478874,254.013173944865,0,0.499408313063352,2.40295407339026,23
20662.5,3277,51.754653646628,6.30530973451327,-44375,1.02125607592007,50.7522259748235,0,0.113188408326693,0.465633802816901,24
129087.5,4510,52.6385809312639,28.6225055432372,-49450,1.10250734535059,289.028827315981,0,0.406522138686121,2.61046511627907,25
-16687.5,3077,51.251218719532,-5.42330191745206,-68400,0.982726943380602,-25.3609422492401,0,0.0993775084815303,-0.243969298245614,26
102650,2642,54.9583648750946,38.8531415594247,-61762.5,1.08703393602815,181.200353045013,0,0.421203116047216,1.66201173851447,27
36900,3584,52.8459821428571,10.2957589285714,-52400,1.03873863233731,74.3951612903226,0,0.159831962389677,0.704198473282443,28
90762.5,6917,51.322827815527,13.1216567876247,-42575,1.06470499122236,226.481597005614,0,0.644098318165748,2.1318261890781,29
-21200,3086,51.0369410239793,-6.86973428386261,-82125,0.978869466628459,-26.2620006193868,0,0.123704180108305,-0.258143074581431,30
94400,4521,52.8201725282017,20.8803362088034,-46612.5,1.0773445581262,211.896745230079,0,0.381561227972762,2.02520783051756,31
177187.5,5003,53.7677393563862,35.4162502498501,-46362.5,1.124808494902,418.635558180744,0,0.441264955364253,3.82178484766784,32
102437.5,4820,53.1535269709544,21.2525933609958,-58175,1.07729309125206,182.070650966452,0,0.371988577819254,1.76085088096261,33
127300,2673,55.2936775158997,47.6243920688365,-66075,1.10652051126498,208.645769309568,0,0.44445969565677,1.92659856223988,34
94700,4251,53.1404375441073,22.277111267937,-59500,1.07950633867853,174.562211981567,0,0.331426851339648,1.59159663865546,35
147900,7073,52.665064329139,20.9105047363212,-50362.5,1.09707989071128,330.226067541167,0,0.323821886147277,2.93670886075949,36
132575,4640,52.3922413793103,28.5721982758621,-61162.5,1.1017284045349,236.108637577916,0,0.419189545312279,2.16758634784386,37
138062.5,4756,52.6492851135408,29.0291211101766,-70000,1.10325228332913,212.44470090402,0,0.411890869406218,1.97232142857143,38
93675,5010,53.6327345309381,18.6976047904192,-61237.5,1.06869620218354,155.73566084788,0,0.45929554670497,1.52969993876301,39
127325,2669,55.1517422255526,47.7051330086175,-67075,1.10705089804626,205.321507760532,0,0.41830326679544,1.89824822959374,40
94700,4251,53.1404375441073,22.277111267937,-59500,1.07950633867853,174.562211981567,0,0.331426851339648,1.59159663865546,41
-31012.5,3253,51.8290808484476,-9.53350753150938,-96312.5,0.970473776286194,-33.7505101346756,0,0.0813665607705173,-0.321998702141467,42
132575,4640,52.3922413793103,28.5721982758621,-61162.5,1.1017284045349,236.108637577916,0,0.419189545312279,2.16758634784386,43
92512.5,2577,54.5983701979045,35.8993015133877,-61975,1.08189211618257,163.377483443709,0,0.334041246767101,1.49273900766438,44
16837.5,3184,52.858040201005,5.28815954773869,-54362.5,1.01751397737615,33.3003708281829,0,0.174716982237182,0.309726373879053,45
27125,5588,50.8947745168218,4.85415175375805,-74325,1.02223201204832,37.1638979277274,0,0.325215331889278,0.364951227716112,46
-30937.5,2808,50.8190883190883,-11.0176282051282,-72137.5,0.966611356186005,-44.9509625862695,0,0.0585995607524351,-0.428868480332698,47
81850,5106,53.6427732079906,16.030160595378,-69200,1.058037297029,121.236807998519,0,0.418595370492276,1.18280346820809,48
134250,4920,53.0487804878049,27.2865853658537,-54137.5,1.09509810866331,273.560876209883,0,0.448603482902857,2.4797968136689,49
111975,4969,52.6866572751057,22.5347152344536,-48475,1.07962242013759,245.223104297837,0,0.441288909168201,2.30995358432182,50
150600,4589,53.8461538461538,32.8176073218566,-61037.5,1.1172121259291,270.863309352518,0,0.430389970595577,2.46733565431087,51
16837.5,3184,52.858040201005,5.28815954773869,-54362.5,1.01751397737615,33.3003708281829,0,0.174716982237182,0.309726373879053,52
27125,5588,50.8947745168218,4.85415175375805,-74325,1.02223201204832,37.1638979277274,0,0.325215331889278,0.364951227716112,53
92750,2577,54.6759798214979,35.9914629414047,-61975,1.08211052829604,163.796909492274,0,0.335121227482593,1.49657119806374,54
94587.5,6590,52.1699544764795,14.353186646434,-44962.5,1.06623832491531,215.706955530217,0,0.29252103765715,2.10369752571587,55
94700,4251,53.1404375441073,22.277111267937,-59500,1.07950633867853,174.562211981567,0,0.331426851339648,1.59159663865546,56
67200,2479,54.780153287616,27.107704719645,-70262.5,1.06190766821359,102.69340974212,0,0.328745252007529,0.956413449564135,57
92512.5,2577,54.5983701979045,35.8993015133877,-61975,1.08189211618257,163.377483443709,0,0.334041246767101,1.49273900766438,58
110575,4680,53.0555555555556,23.6271367521368,-45950,1.08732563993722,248.902644907147,0,0.386367268455484,2.40642002176279,59
134525,4473,52.3585960205679,30.0748938072882,-50900,1.11077258785022,271.699065892451,0,0.308240684991763,2.64292730844794,60
126975,2670,55.3183520599251,47.5561797752809,-67075,1.10673643728525,204.757105422294,0,0.416252153649595,1.89303019008572,61
21075,2305,54.3600867678959,9.14316702819957,-78675,1.02091136854117,28.1375166889186,0,0.242176520825457,0.267874165872259,62
127300,2673,55.2936775158997,47.6243920688365,-66075,1.10652051126498,208.645769309568,0,0.44445969565677,1.92659856223988,63
92512.5,2577,54.5983701979045,35.8993015133877,-61975,1.08189211618257,163.377483443709,0,0.334041246767101,1.49273900766438,64
110575,4680,53.0555555555556,23.6271367521368,-45950,1.08732563993722,248.902644907147,0,0.386367268455484,2.40642002176279,65
77762.5,4743,52.6460046384145,16.3952139995783,-55225,1.05704251826993,151.509985387238,0,0.430789254850573,1.40810321412404,66
127325,2669,55.1517422255526,47.7051330086175,-67075,1.10705089804626,205.321507760532,0,0.41830326679544,1.89824822959374,67
138650,4810,52.7234927234927,28.8253638253638,-53325,1.10187642936525,288.029083354973,0,0.455435549367422,2.60009376465073,68
177075,4940,53.7246963562753,35.8451417004049,-48875,1.12704135166402,391.867219917012,0,0.428405840127433,3.6230179028133,69
109662.5,2663,55.1633496057079,41.1800600826136,-69412.5,1.09190044206072,170.415695415695,0,0.409714666809915,1.5798667386998,70
32437.5,4129,49.9152337127634,7.8560184063938,-68675,1.02805951428386,48.6501687289089,0,0.341856991244341,0.47233345467783,71
78637.5,4128,52.3498062015504,19.0497819767442,-59412.5,1.06616951006584,145.322245322245,0,0.32433595570413,1.32358510414475,72
87175,3939,52.1198273673521,22.1312515866971,-65062.5,1.0767934812531,144.778908034046,0,0.257755888758601,1.33986551392891,73
20262.5,2305,54.4034707158351,8.79067245119306,-78675,1.02010044020088,27.0527369826435,0,0.238406697489654,0.257546870034954,74
71162.5,6068,51.7798286090969,11.7275049439684,-52737.5,1.05388853129378,137.878420925163,0,0.309399842455281,1.34937188907324,75
129087.5,4510,52.6385809312639,28.6225055432372,-49450,1.10250734535059,289.028827315981,0,0.406522138686121,2.61046511627907,76
103475,2642,55.0340651021953,39.165404996215,-61762.5,1.08777063850542,182.656663724625,0,0.42627389846834,1.67536935842947,77
76087.5,4319,52.2574670062514,17.6169252141699,-63475,1.06172176029203,130.091899978628,0,0.283612674570843,1.19870027569909,78
147675,4618,52.4902555218709,31.9781290601992,-62025,1.11982959732224,253.301886792453,0,0.334061661869345,2.38089480048368,79
80662.5,2539,54.3127215439149,31.7693974005514,-65162.5,1.07296142191669,134.4375,0,0.329610438774265,1.23786687128333,80
-9937.5,4814,50.6024096385542,-2.06429164935604,-79400,0.990911169543844,-12.8661595727464,0,0.178474720796848,-0.125157430730479,81
21075,2305,54.3600867678959,9.14316702819957,-78675,1.02091136854117,28.1375166889186,0,0.242176520825457,0.267874165872259,82
-11937.5,3407,50.7191077194012,-3.50381567361315,-71062.5,0.988775402263725,-17.102435530086,0,0.188533619884778,-0.167985927880387,83
102437.5,4820,53.1535269709544,21.2525933609958,-58175,1.07729309125206,182.070650966452,0,0.371988577819254,1.76085088096261,84
177075,4940,53.7246963562753,35.8451417004049,-48875,1.12704135166402,391.867219917012,0,0.428405840127433,3.6230179028133,85
127300,2673,55.2936775158997,47.6243920688365,-66075,1.10652051126498,208.645769309568,0,0.44445969565677,1.92659856223988,86
105750,7235,51.1955770559779,14.6164478230822,-41162.5,1.07362347596794,272.200772200772,0,0.767570159949738,2.56908593987246,87
87175,3939,52.1198273673521,22.1312515866971,-65062.5,1.0767934812531,144.778908034046,0,0.257755888758601,1.33986551392891,88
95837.5,4678,52.6934587430526,20.4868533561351,-60037.5,1.07083660553425,173.069977426637,0,0.443618863201806,1.59629398292734,89
94700,4251,53.1404375441073,22.277111267937,-59500,1.07950633867853,174.562211981567,0,0.331426851339648,1.59159663865546,90
109975,2662,54.9962434259955,41.3129226145755,-69412.5,1.09217584443886,170.901320901321,0,0.411633411748929,1.58436880965244,91
92187.5,4492,52.0703472840606,20.5225957257346,-68437.5,1.0716005514456,146.155370590567,0,0.416769472824446,1.34703196347032,92
33662.5,3745,50.3604806408545,8.98865153538051,-62412.5,1.0311415884176,56.5399958009658,0,0.290554478777294,0.53935509713599,93
77762.5,4743,52.6460046384145,16.3952139995783,-55225,1.05704251826993,151.509985387238,0,0.430789254850573,1.40810321412404,94
33687.5,2437,54.3701272055806,13.8233483791547,-74812.5,1.03114814729202,47.2475455820477,0,0.283760036289721,0.450292397660819,95
92187.5,4492,52.0703472840606,20.5225957257346,-68437.5,1.0716005514456,146.155370590567,0,0.416769472824446,1.34703196347032,96
92750,2577,54.6759798214979,35.9914629414047,-61975,1.08211052829604,163.796909492274,0,0.335121227482593,1.49657119806374,97
93375,5204,53.9584934665642,17.9429285165258,-64287.5,1.06464733881437,149.161341853035,0,0.458434803635491,1.4524596538985,98
77762.5,4743,52.6460046384145,16.3952139995783,-55225,1.05704251826993,151.509985387238,0,0.430789254850573,1.40810321412404,99
177075,4940,53.7246963562753,35.8451417004049,-48875,1.12704135166402,391.867219917012,0,0.428405840127433,3.6230179028133,100
80912.5,2539,54.3521071287909,31.8678613627412,-65162.5,1.07318341643207,134.854166666667,0,0.330971757567971,1.24170343372338,101
112887.5,5089,52.9573590096286,22.1826488504618,-51337.5,1.07731623375512,239.485547600106,0,0.495876464860654,2.19892865838812,102
-11937.5,3407,50.7191077194012,-3.50381567361315,-71062.5,0.988775402263725,-17.102435530086,0,0.188533619884778,-0.167985927880387,103
77300,3751,52.4393495067982,20.6078379098907,-59687.5,1.07014200807586,143.347241539175,0,0.243629770718027,1.29507853403141,104
87987.5,4350,52.4367816091954,20.2270114942529,-55462.5,1.07111178461383,177.215508559919,0,0.390714956482019,1.58643227405905,105
95225,2643,54.9375709421112,36.0291335603481,-60725,1.08007315688789,165.644705370733,0,0.442659687711199,1.56813503499382,106
27200,3942,53.2470826991375,6.90005073566717,-57725,1.02530114878378,49.197377345693,0,0.194251150459159,0.471199653529667,107
103075,2643,55.0510783200908,38.9992432841468,-61762.5,1.08739335488315,181.950573698147,0,0.423303612913537,1.6688929366525,108
80937.5,2540,54.6062992125984,31.865157480315,-63187.5,1.07325903716694,140.181857544923,0,0.341294631889971,1.2809099901088,109
128250,2673,55.2188552188552,47.979797979798,-66075,1.10732329836086,210.20282728949,0,0.44953463752019,1.94097616345062,110
94400,4521,52.8201725282017,20.8803362088034,-46612.5,1.0773445581262,211.896745230079,0,0.381561227972762,2.02520783051756,111
77300,3751,52.4393495067982,20.6078379098907,-59687.5,1.07014200807586,143.347241539175,0,0.243629770718027,1.29507853403141,112
65862.5,4089,52.7757397896796,16.1072389337246,-73525,1.0564876657697,96.5548836356973,0,0.247747083118846,0.895783747024821,113
92487.5,4477,49.9441590350681,20.6583649765468,-62562.5,1.08064656769777,151.867816091954,0,0.468730147892626,1.47832167832168,114
80912.5,2539,54.3521071287909,31.8678613627412,-65162.5,1.07318341643207,134.854166666667,0,0.330971757567971,1.24170343372338,115
111975,4969,52.6866572751057,22.5347152344536,-48475,1.07962242013759,245.223104297837,0,0.441288909168201,2.30995358432182,116
147900,7073,52.665064329139,20.9105047363212,-50362.5,1.09707989071128,330.226067541167,0,0.323821886147277,2.93670886075949,117
20662.5,3277,51.754653646628,6.30530973451327,-44375,1.02125607592007,50.7522259748235,0,0.113188408326693,0.465633802816901,118
20262.5,2305,54.4034707158351,8.79067245119306,-78675,1.02010044020088,27.0527369826435,0,0.238406697489654,0.257546870034954,119
109662.5,2663,55.1633496057079,41.1800600826136,-69412.5,1.09190044206072,170.415695415695,0,0.409714666809915,1.5798667386998,120
32437.5,4129,49.9152337127634,7.8560184063938,-68675,1.02805951428386,48.6501687289089,0,0.341856991244341,0.47233345467783,121
127487.5,2674,55.3103964098729,47.6767015706806,-66075,1.10667294216086,208.953083384552,0,0.445063618367594,1.92943624668937,122
110875,4598,52.522836015659,24.1137451065681,-55812.5,1.08638572639001,217.722140402553,0,0.363347462312768,1.98656215005599,123
23687.5,2168,53.8745387453875,10.9259686346863,-59162.5,1.0258646575492,41.8045444517979,0,0.260329566437245,0.400380308472428,124
20962.5,2305,54.4468546637744,9.0943600867679,-78675,1.02080438666137,27.9873164218959,0,0.24164350177622,0.266444232602479,125
82725,4442,52.4088248536695,18.6233678523188,-65075,1.06632525230254,138.076361360317,0,0.348905319060322,1.27122550902804,126
80912.5,2539,54.3521071287909,31.8678613627412,-65162.5,1.07318341643207,134.854166666667,0,0.330971757567971,1.24170343372338,127
76225,6327,52.2838628101786,12.0475738896792,-44337.5,1.05532119496684,179.511333529585,0,0.319627726145653,1.71919932337186,128
130087.5,4933,52.422460977093,26.370869653355,-57937.5,1.09269452757589,239.461573861022,0,0.432549234077766,2.2453074433657,129
31850,6448,50.9925558312655,4.93951612903226,-64400,1.02319378828841,51.133855107365,0,0.377942098174507,0.494565217391304,130
80662.5,2539,54.3127215439149,31.7693974005514,-65162.5,1.07296142191669,134.4375,0,0.329610438774265,1.23786687128333,131
147900,7073,52.665064329139,20.9105047363212,-50362.5,1.09707989071128,330.226067541167,0,0.323821886147277,2.93670886075949,132
134525,4473,52.3585960205679,30.0748938072882,-50900,1.11077258785022,271.699065892451,0,0.308240684991763,2.64292730844794,133
65150,4778,53.1393888656342,13.6354123064044,-68987.5,1.04985365293746,97.3477773627195,0,0.337630757888952,0.944373980793622,134
127762.5,2674,55.3477935676889,47.7795437546746,-66075,1.10690304361468,209.40381069453,0,0.446536505289041,1.93359818388195,135
116087.5,2670,55.0936329588015,43.4784644194757,-68075,1.0967809168499,184.192780642602,0,0.447126972038409,1.7052882849798,136
27125,5588,50.8947745168218,4.85415175375805,-74325,1.02223201204832,37.1638979277274,0,0.325215331889278,0.364951227716112,137
49125,4635,52.9234088457389,10.5987055016181,-71775,1.03862749530671,73.9695087521174,0,0.347837294499255,0.684430512016719,138
46675,3365,52.2436849925706,13.8707280832095,-45512.5,1.04867429673854,112.74154589372,0,0.230380937335787,1.02554243339742,139
153012.5,7240,52.8176795580111,21.1343232044199,-62200,1.09735400081122,272.143174744331,0,0.308891842050062,2.46000803858521,140
91950,2577,54.5983701979045,35.6810244470314,-61387.5,1.0813015318641,164.086549185813,0,0.349801877769479,1.49786194257789,141
27125,5588,50.8947745168218,4.85415175375805,-74325,1.02223201204832,37.1638979277274,0,0.325215331889278,0.364951227716112,142
153012.5,7240,52.8176795580111,21.1343232044199,-62200,1.09735400081122,272.143174744331,0,0.308891842050062,2.46000803858521,143
93675,5010,53.6327345309381,18.6976047904192,-61237.5,1.06869620218354,155.73566084788,0,0.45929554670497,1.52969993876301,144
169187.5,4739,52.5005275374552,35.7010972779067,-61487.5,1.13490481411343,295.330569495963,0,0.3082534702653,2.75157552348038,145
159025,5136,53.8940809968847,30.9628115264798,-54262.5,1.11262194366247,302.760590195145,0,0.479284841837495,2.93066113798664,146
44837.5,3615,51.8672199170124,12.4031811894882,-54487.5,1.04229503944157,89.8772237534453,0,0.322208954660775,0.822895159440239,147
193162.5,4729,53.9226052019454,40.8463734404737,-53100,1.14819467753536,393.406313645621,0,0.384312997957042,3.63771186440678,148
65150,4778,53.1393888656342,13.6354123064044,-68987.5,1.04985365293746,97.3477773627195,0,0.337630757888952,0.944373980793622,149
128175,2673,55.181444070333,47.9517396184063,-66075,1.10727400169479,210.079901659496,0,0.44910648675309,1.93984108967083,150
96400,6857,52.4281755869914,14.0586262213796,-47875,1.06420086078436,224.970828471412,0,0.294416388489409,2.01357702349869,151
33687.5,2437,54.3701272055806,13.8233483791547,-74812.5,1.03114814729202,47.2475455820477,0,0.283760036289721,0.450292397660819,152
33037.5,2437,54.411161263849,13.5566270004103,-74812.5,1.03054502588757,46.335904628331,0,0.280853693840544,0.441604010025063,153
16837.5,3184,52.858040201005,5.28815954773869,-54362.5,1.01751397737615,33.3003708281829,0,0.174716982237182,0.309726373879053,154
33650,2437,54.4521953221174,13.8079606073041,-74812.5,1.03112210686952,47.194950911641,0,0.283633765399701,0.449791144527987,155
33037.5,2437,54.411161263849,13.5566270004103,-74812.5,1.03054502588757,46.335904628331,0,0.280853693840544,0.441604010025063,156
53100,5803,51.4906083060486,9.15043942788213,-49950,1.04184644482534,109.399948493433,0,0.336884157926382,1.06306306306306,157
20662.5,3277,51.754653646628,6.30530973451327,-44375,1.02125607592007,50.7522259748235,0,0.113188408326693,0.465633802816901,158
71162.5,6068,51.7798286090969,11.7275049439684,-52737.5,1.05388853129378,137.878420925163,0,0.309399842455281,1.34937188907324,159
102650,2642,54.9583648750946,38.8531415594247,-61762.5,1.08703393602815,181.200353045013,0,0.421203116047216,1.66201173851447,160
82725,4442,52.4088248536695,18.6233678523188,-65075,1.06632525230254,138.076361360317,0,0.348905319060322,1.27122550902804,161
16837.5,3184,52.858040201005,5.28815954773869,-54362.5,1.01751397737615,33.3003708281829,0,0.174716982237182,0.309726373879053,162
150600,4589,53.8461538461538,32.8176073218566,-61037.5,1.1172121259291,270.863309352518,0,0.430389970595577,2.46733565431087,163
44837.5,3615,51.8672199170124,12.4031811894882,-54487.5,1.04229503944157,89.8772237534453,0,0.322208954660775,0.822895159440239,164
42575,4190,52.6491646778043,10.1610978520286,-60650,1.03671405935044,72.4835071291764,0,0.237590421685862,0.701978565539984,165
23737.5,5899,50.6017969147313,4.02398711646042,-70875,1.01852556410782,34.8184818481848,0,0.322328659421352,0.334920634920635,166
65662.5,4909,53.3509879812589,13.3759421470768,-76587.5,1.04830167166265,88.6133603238866,0,0.380104240628102,0.857352701158805,167
70712.5,6153,51.2595481878758,11.4923614496993,-59237.5,1.05451164045637,124.6309759859,0,0.391495424415908,1.1937117535345,168
109662.5,2663,55.1633496057079,41.1800600826136,-69412.5,1.09190044206072,170.415695415695,0,0.409714666809915,1.5798667386998,169
138650,4810,52.7234927234927,28.8253638253638,-53325,1.10187642936525,288.029083354973,0,0.455435549367422,2.60009376465073,170
77762.5,4743,52.6460046384145,16.3952139995783,-55225,1.05704251826993,151.509985387238,0,0.430789254850573,1.40810321412404,171
101912.5,5044,52.5971451229183,20.2046986518636,-52812.5,1.07048134444483,205.46875,0,0.446283501295897,1.92970414201183,172
53075,3832,52.8705636743215,13.8504697286013,-60387.5,1.05043114711262,90.765284309534,0,0.215517956791421,0.878907058580004,173
44837.5,3615,51.8672199170124,12.4031811894882,-54487.5,1.04229503944157,89.8772237534453,0,0.322208954660775,0.822895159440239,174
33662.5,3745,50.3604806408545,8.98865153538051,-62412.5,1.0311415884176,56.5399958009658,0,0.290554478777294,0.53935509713599,175
73100,2620,54.618320610687,27.9007633587786,-67412.5,1.06184040775754,117.571371129875,0,0.369391082634653,1.08436862599666,176
114675,4608,49.9565972222222,24.8860677083333,-60062.5,1.10026887008984,196.361301369863,0,0.474881599502674,1.90926118626431,177
102437.5,4820,53.1535269709544,21.2525933609958,-58175,1.07729309125206,182.070650966452,0,0.371988577819254,1.76085088096261,178
59925,3958,51.6927741283477,15.1402223345124,-65487.5,1.0517503805175,97.7768713032837,0,0.326498525722131,0.91506012597824,179
78637.5,4128,52.3498062015504,19.0497819767442,-59412.5,1.06616951006584,145.322245322245,0,0.32433595570413,1.32358510414475,180
70712.5,6153,51.2595481878758,11.4923614496993,-59237.5,1.05451164045637,124.6309759859,0,0.391495424415908,1.1937117535345,181
73100,2620,54.618320610687,27.9007633587786,-67412.5,1.06184040775754,117.571371129875,0,0.369391082634653,1.08436862599666,182
128250,2673,55.2188552188552,47.979797979798,-66075,1.10732329836086,210.20282728949,0,0.44953463752019,1.94097616345062,183
65862.5,4089,52.7757397896796,16.1072389337246,-73525,1.0564876657697,96.5548836356973,0,0.247747083118846,0.895783747024821,184
-9937.5,4814,50.6024096385542,-2.06429164935604,-79400,0.990911169543844,-12.8661595727464,0,0.178474720796848,-0.125157430730479,185
65662.5,4909,53.3509879812589,13.3759421470768,-76587.5,1.04830167166265,88.6133603238866,0,0.380104240628102,0.857352701158805,186
112275,4110,52.2384428223844,27.3175182481752,-54275,1.09722988991004,225.678391959799,0,0.265388411792739,2.06863196683556,187
126975,2670,55.3183520599251,47.5561797752809,-67075,1.10673643728525,204.757105422294,0,0.416252153649595,1.89303019008572,188
-8350,2924,52.5649794801642,-2.85567715458276,-68275,0.991243363701907,-12.6659082290482,0,0.150538436093957,-0.122299523983889,189
116087.5,2670,55.0936329588015,43.4784644194757,-68075,1.0967809168499,184.192780642602,0,0.447126972038409,1.7052882849798,190
22837.5,2305,54.3600867678959,9.90780911062907,-75375,1.02265765486451,31.9573202728704,0,0.251875738396336,0.302985074626866,191
86025,5159,53.9251792983136,16.6747431672805,-66675,1.06020628657912,132.371609924986,0,0.414082592688075,1.29021372328459,192
111975,4969,52.6866572751057,22.5347152344536,-48475,1.07962242013759,245.223104297837,0,0.441288909168201,2.30995358432182,193
147675,4618,52.4902555218709,31.9781290601992,-62025,1.11982959732224,253.301886792453,0,0.334061661869345,2.38089480048368,194
68050,4012,52.3678963110668,16.9616151545364,-54087.5,1.05886678200692,129.804482594182,0,0.302577952019299,1.25814652183961,195
92750,2577,54.6759798214979,35.9914629414047,-61975,1.08211052829604,163.796909492274,0,0.335121227482593,1.49657119806374,196
80937.5,2540,54.6062992125984,31.865157480315,-63187.5,1.07325903716694,140.181857544923,0,0.341294631889971,1.2809099901088,197
21262.5,2305,54.4034707158351,9.22451193058568,-78675,1.02109453476692,28.3878504672897,0,0.242976195136382,0.270257387988561,198
181975,4852,53.9365210222589,37.505152514427,-54087.5,1.13450114101463,358.306669948314,0,0.398966927999416,3.36445574300901,199
32437.5,4129,49.9152337127634,7.8560184063938,-68675,1.02805951428386,48.6501687289089,0,0.341856991244341,0.47233345467783,200
33837.5,2437,54.411161263849,13.8848994665572,-74812.5,1.0312817786817,47.4579242636746,0,0.284405641227874,0.452297410192147,201
111975,4969,52.6866572751057,22.5347152344536,-48475,1.07962242013759,245.223104297837,0,0.441288909168201,2.30995358432182,202
95837.5,4678,52.6934587430526,20.4868533561351,-60037.5,1.07083660553425,173.069977426637,0,0.443618863201806,1.59629398292734,203
49125,4635,52.9234088457389,10.5987055016181,-71775,1.03862749530671,73.9695087521174,0,0.347837294499255,0.684430512016719,204
127462.5,2669,55.1892094417385,47.756650430873,-67075,1.10715862039976,205.543237250554,0,0.419023941462196,1.90029817368617,205
126975,2670,55.3183520599251,47.5561797752809,-67075,1.10673643728525,204.757105422294,0,0.416252153649595,1.89303019008572,206
76450,2620,54.7328244274809,29.1793893129771,-65925,1.06458493933282,125.947281713344,0,0.383986479005477,1.15965111869549,207
46675,3365,52.2436849925706,13.8707280832095,-45512.5,1.04867429673854,112.74154589372,0,0.230380937335787,1.02554243339742,208
147675,4618,52.4902555218709,31.9781290601992,-62025,1.11982959732224,253.301886792453,0,0.334061661869345,2.38089480048368,209
159025,5136,53.8940809968847,30.9628115264798,-54262.5,1.11262194366247,302.760590195145,0,0.479284841837495,2.93066113798664,210
31850,6448,50.9925558312655,4.93951612903226,-64400,1.02319378828841,51.133855107365,0,0.377942098174507,0.494565217391304,211
114675,4608,49.9565972222222,24.8860677083333,-60062.5,1.10026887008984,196.361301369863,0,0.474881599502674,1.90926118626431,212
154600,7495,52.6751167444963,20.6270847231488,-50850,1.09402463129086,332.831001076426,0,0.299216155118748,3.04031465093412,213
129087.5,4510,52.6385809312639,28.6225055432372,-49450,1.10250734535059,289.028827315981,0,0.406522138686121,2.61046511627907,214
86025,5159,53.9251792983136,16.6747431672805,-66675,1.06020628657912,132.371609924986,0,0.414082592688075,1.29021372328459,215
20187.5,2168,53.690036900369,9.31157749077491,-62175,1.02198206046087,34.2596521001273,0,0.241952865890095,0.324688379573784,216
97537.5,4168,52.9990403071017,23.4015115163148,-48075,1.08280362922481,216.329359578597,0,0.382758700679885,2.02886115444618,217
27125,5588,50.8947745168218,4.85415175375805,-74325,1.02223201204832,37.1638979277274,0,0.325215331889278,0.364951227716112,218
23525,3479,51.9402127048002,6.76200057487784,-49987.5,1.02460548851439,48.9085239085239,0,0.226905875673107,0.470617654413603,219
33650,2437,54.4521953221174,13.8079606073041,-74812.5,1.03112210686952,47.194950911641,0,0.283633765399701,0.449791144527987,220
181975,4852,53.9365210222589,37.505152514427,-54087.5,1.13450114101463,358.306669948314,0,0.398966927999416,3.36445574300901,221
103475,2642,55.0340651021953,39.165404996215,-61762.5,1.08777063850542,182.656663724625,0,0.42627389846834,1.67536935842947,222
105750,7235,51.1955770559779,14.6164478230822,-41162.5,1.07362347596794,272.200772200772,0,0.767570159949738,2.56908593987246,223
129087.5,4510,52.6385809312639,28.6225055432372,-49450,1.10250734535059,289.028827315981,0,0.406522138686121,2.61046511627907,224
72550,2620,54.5801526717557,27.6908396946565,-67412.5,1.06135371409846,116.686771210294,0,0.366484455408216,1.07620990172446,225
94700,4251,53.1404375441073,22.277111267937,-59500,1.07950633867853,174.562211981567,0,0.331426851339648,1.59159663865546,226
-9937.5,4814,50.6024096385542,-2.06429164935604,-79400,0.990911169543844,-12.8661595727464,0,0.178474720796848,-0.125157430730479,227
20425,2168,53.7361623616236,9.42112546125461,-62175,1.02223673824882,34.662706830717,0,0.243106409530357,0.328508242862887,228
20000,2168,53.7822878228782,9.22509225092251,-62175,1.02178322963608,33.9414509970301,0,0.240942192698708,0.321672698029755,229
67225,6691,51.2180541025258,10.0470781646988,-43637.5,1.04852520549676,164.414552124732,0,0.635168166511716,1.54053279862504,230
151037.5,4426,53.3890646181654,34.1250564844103,-48175,1.12265884335441,351.045903544451,0,0.378017570747789,3.13518422418267,231
127487.5,2674,55.3103964098729,47.6767015706806,-66075,1.10667294216086,208.953083384552,0,0.445063618367594,1.92943624668937,232
92875,2576,54.5419254658385,36.0539596273292,-61975,1.08220845319761,164.01766004415,0,0.335741768556009,1.49858814037919,233
111175,4714,49.7242257106491,23.5840050912176,-60112.5,1.09623562254515,190.205303678358,0,0.559172888735991,1.84944894988563,234
110875,4598,52.522836015659,24.1137451065681,-55812.5,1.08638572639001,217.722140402553,0,0.363347462312768,1.98656215005599,235
114675,4608,49.9565972222222,24.8860677083333,-60062.5,1.10026887008984,196.361301369863,0,0.474881599502674,1.90926118626431,236
80662.5,2539,54.3127215439149,31.7693974005514,-65162.5,1.07296142191669,134.4375,0,0.329610438774265,1.23786687128333,237
102650,2642,54.9583648750946,38.8531415594247,-61762.5,1.08703393602815,181.200353045013,0,0.421203116047216,1.66201173851447,238
21262.5,2305,54.4034707158351,9.22451193058568,-78675,1.02109453476692,28.3878504672897,0,0.242976195136382,0.270257387988561,239
44837.5,3615,51.8672199170124,12.4031811894882,-54487.5,1.04229503944157,89.8772237534453,0,0.322208954660775,0.822895159440239,240
33650,2437,54.4521953221174,13.8079606073041,-74812.5,1.03112210686952,47.194950911641,0,0.283633765399701,0.449791144527987,241
65862.5,4089,52.7757397896796,16.1072389337246,-73525,1.0564876657697,96.5548836356973,0,0.247747083118846,0.895783747024821,242
46675,3365,52.2436849925706,13.8707280832095,-45512.5,1.04867429673854,112.74154589372,0,0.230380937335787,1.02554243339742,243
23525,3479,51.9402127048002,6.76200057487784,-49987.5,1.02460548851439,48.9085239085239,0,0.226905875673107,0.470617654413603,244
90762.5,6917,51.322827815527,13.1216567876247,-42575,1.06470499122236,226.481597005614,0,0.644098318165748,2.1318261890781,245
127762.5,2674,55.3477935676889,47.7795437546746,-66075,1.10690304361468,209.40381069453,0,0.446536505289041,1.93359818388195,246
172112.5,4817,52.4600373676562,35.7302262819182,-60300,1.13544433295953,308.445340501792,0,0.343124780298061,2.85427031509121,247
136350,5053,53.0773797743915,26.9839699188601,-53650,1.09264481059963,281.496774193548,0,0.551287770808055,2.54147250698975,248
80662.5,2539,54.3127215439149,31.7693974005514,-65162.5,1.07296142191669,134.4375,0,0.329610438774265,1.23786687128333,249
76225,6327,52.2838628101786,12.0475738896792,-44337.5,1.05532119496684,179.511333529585,0,0.319627726145653,1.71919932337186,250
80237.5,2540,54.3700787401575,31.5895669291339,-65162.5,1.07257699787436,133.729166666667,0,0.327472028347468,1.23134471513524,251
129087.5,4510,52.6385809312639,28.6225055432372,-49450,1.10250734535059,289.028827315981,0,0.406522138686121,2.61046511627907,252
7237.5,4301,52.4529179260637,1.68274819809347,-74837.5,1.00602622814321,9.89067304407243,0,0.190361805982317,0.0967095373308836,253
78637.5,4128,52.3498062015504,19.0497819767442,-59412.5,1.06616951006584,145.322245322245,0,0.32433595570413,1.32358510414475,254
157962.5,4926,53.7149817295981,32.0670929760455,-51262.5,1.12013042568968,318.955073195356,0,0.438920252785404,3.08144355035357,255
73662.5,2619,54.6009927453226,28.1261932035128,-67412.5,1.06230704165786,118.476075593084,0,0.372413240239208,1.09271277582051,256
137437.5,4856,52.4711696869852,28.3026153212521,-59200,1.10009650049161,249.489448604493,0,0.4189470211694,2.32157939189189,257
97537.5,4168,52.9990403071017,23.4015115163148,-48075,1.08280362922481,216.329359578597,0,0.382758700679885,2.02886115444618,258
20425,2168,53.7361623616236,9.42112546125461,-62175,1.02223673824882,34.662706830717,0,0.243106409530357,0.328508242862887,259
101912.5,5044,52.5971451229183,20.2046986518636,-52812.5,1.07048134444483,205.46875,0,0.446283501295897,1.92970414201183,260
19962.5,2168,53.7361623616236,9.20779520295203,-62175,1.02173143914653,33.8778107764107,0,0.240630145460564,0.321069561720949,261
42575,4190,52.6491646778043,10.1610978520286,-60650,1.03671405935044,72.4835071291764,0,0.237590421685862,0.701978565539984,262
65662.5,4909,53.3509879812589,13.3759421470768,-76587.5,1.04830167166265,88.6133603238866,0,0.380104240628102,0.857352701158805,263
82725,4442,52.4088248536695,18.6233678523188,-65075,1.06632525230254,138.076361360317,0,0.348905319060322,1.27122550902804,264
93375,5204,53.9584934665642,17.9429285165258,-64287.5,1.06464733881437,149.161341853035,0,0.458434803635491,1.4524596538985,265
70587.5,3716,53.0947255113025,18.9955597416577,-52275,1.06735528811174,151.882732651963,0,0.306173618715418,1.35031085604974,266
105750,7235,51.1955770559779,14.6164478230822,-41162.5,1.07362347596794,272.200772200772,0,0.767570159949738,2.56908593987246,267
86425,4338,52.83540802213,19.922775472568,-47825,1.07390226174698,189.788635739775,0,0.375726758374891,1.80710925248301,268
73725,4304,49.8838289962825,17.1294144981413,-62050,1.06432333984055,122.26368159204,0,0.489503731104617,1.18815471394037,269
193162.5,4729,53.9226052019454,40.8463734404737,-53100,1.14819467753536,393.406313645621,0,0.384312997957042,3.63771186440678,270
157962.5,4926,53.7149817295981,32.0670929760455,-51262.5,1.12013042568968,318.955073195356,0,0.438920252785404,3.08144355035357,271
42575,4190,52.6491646778043,10.1610978520286,-60650,1.03671405935044,72.4835071291764,0,0.237590421685862,0.701978565539984,272
154600,7495,52.6751167444963,20.6270847231488,-50850,1.09402463129086,332.831001076426,0,0.299216155118748,3.04031465093412,273
80662.5,2539,54.3127215439149,31.7693974005514,-65162.5,1.07296142191669,134.4375,0,0.329610438774265,1.23786687128333,274
110875,4598,52.522836015659,24.1137451065681,-55812.5,1.08638572639001,217.722140402553,0,0.363347462312768,1.98656215005599,275
147900,7073,52.665064329139,20.9105047363212,-50362.5,1.09707989071128,330.226067541167,0,0.323821886147277,2.93670886075949,276
-11937.5,3407,50.7191077194012,-3.50381567361315,-71062.5,0.988775402263725,-17.102435530086,0,0.188533619884778,-0.167985927880387,277
23687.5,2168,53.8745387453875,10.9259686346863,-59162.5,1.0258646575492,41.8045444517979,0,0.260329566437245,0.400380308472428,278
109662.5,2663,55.1633496057079,41.1800600826136,-69412.5,1.09190044206072,170.415695415695,0,0.409714666809915,1.5798667386998,279
169187.5,4739,52.5005275374552,35.7010972779067,-61487.5,1.13490481411343,295.330569495963,0,0.3082534702653,2.75157552348038,280
127487.5,2674,55.3103964098729,47.6767015706806,-66075,1.10667294216086,208.953083384552,0,0.445063618367594,1.92943624668937,281
86025,5159,53.9251792983136,16.6747431672805,-66675,1.06020628657912,132.371609924986,0,0.414082592688075,1.29021372328459,282
109225,2662,55.1089406461307,41.0311795642374,-69412.5,1.09153955749246,169.73581973582,0,0.408082423301871,1.57356383936611,283
136350,5053,53.0773797743915,26.9839699188601,-53650,1.09264481059963,281.496774193548,0,0.551287770808055,2.54147250698975,284
68050,4012,52.3678963110668,16.9616151545364,-54087.5,1.05886678200692,129.804482594182,0,0.302577952019299,1.25814652183961,285
35550,2437,54.5342634386541,14.587607714403,-72600,1.0328964871086,51.0592459605027,0,0.294704768656657,0.489669421487603,286
105750,7235,51.1955770559779,14.6164478230822,-41162.5,1.07362347596794,272.200772200772,0,0.767570159949738,2.56908593987246,287
109975,2662,54.9962434259955,41.3129226145755,-69412.5,1.09217584443886,170.901320901321,0,0.411633411748929,1.58436880965244,288
76450,2620,54.7328244274809,29.1793893129771,-65925,1.06458493933282,125.947281713344,0,0.383986479005477,1.15965111869549,289
109400,2663,55.1257979722118,41.0814870446864,-69412.5,1.09168141963734,170.00777000777,0,0.408435892923415,1.57608499909959,290
150600,4589,53.8461538461538,32.8176073218566,-61037.5,1.1172121259291,270.863309352518,0,0.430389970595577,2.46733565431087,291
-30937.5,2808,50.8190883190883,-11.0176282051282,-72137.5,0.966611356186005,-44.9509625862695,0,0.0585995607524351,-0.428868480332698,292
86025,5159,53.9251792983136,16.6747431672805,-66675,1.06020628657912,132.371609924986,0,0.414082592688075,1.29021372328459,293
20425,2168,53.7361623616236,9.42112546125461,-62175,1.02223673824882,34.662706830717,0,0.243106409530357,0.328508242862887,294
47125,3518,52.7856736782263,13.3953951108584,-57312.5,1.04474193280403,86.7464335020709,0,0.257772736434901,0.822246455834242,295
126975,2670,55.3183520599251,47.5561797752809,-67075,1.10673643728525,204.757105422294,0,0.416252153649595,1.89303019008572,296
80912.5,2539,54.3521071287909,31.8678613627412,-65162.5,1.07318341643207,134.854166666667,0,0.330971757567971,1.24170343372338,297
92187.5,4492,52.0703472840606,20.5225957257346,-68437.5,1.0716005514456,146.155370590567,0,0.416769472824446,1.34703196347032,298
33687.5,2437,54.3701272055806,13.8233483791547,-74812.5,1.03114814729202,47.2475455820477,0,0.283760036289721,0.450292397660819,299
23687.5,2168,53.8745387453875,10.9259686346863,-59162.5,1.0258646575492,41.8045444517979,0,0.260329566437245,0.400380308472428,300
130150,4997,52.9317590554333,26.0456273764259,-54162.5,1.08974469478874,254.013173944865,0,0.499408313063352,2.40295407339026,301
32437.5,4129,49.9152337127634,7.8560184063938,-68675,1.02805951428386,48.6501687289089,0,0.341856991244341,0.47233345467783,302
73662.5,2619,54.6009927453226,28.1261932035128,-67412.5,1.06230704165786,118.476075593084,0,0.372413240239208,1.09271277582051,303
-12900,4344,50.2992633517495,-2.96961325966851,-66462.5,0.986799524168894,-19.9574550377103,0,0.0719639618007757,-0.194094414143314,304
20425,2168,53.7361623616236,9.42112546125461,-62175,1.02223673824882,34.662706830717,0,0.243106409530357,0.328508242862887,305
126512.5,2669,55.2641438741102,47.4007118771075,-67075,1.10635212525613,204.011288046765,0,0.414397204532388,1.88613492359299,306
46462.5,3920,50.3316326530612,11.8526785714286,-62275,1.04194170813446,77.9735682819383,0,0.285238824610841,0.746085909273384,307
96400,6857,52.4281755869914,14.0586262213796,-47875,1.06420086078436,224.970828471412,0,0.294416388489409,2.01357702349869,308
87175,3939,52.1198273673521,22.1312515866971,-65062.5,1.0767934812531,144.778908034046,0,0.257755888758601,1.33986551392891,309
47125,3518,52.7856736782263,13.3953951108584,-57312.5,1.04474193280403,86.7464335020709,0,0.257772736434901,0.822246455834242,310
73450,2620,54.7328244274809,28.0343511450382,-67412.5,1.06214569760555,118.134298351427,0,0.371308076411187,1.08956054144261,311
95837.5,4678,52.6934587430526,20.4868533561351,-60037.5,1.07083660553425,173.069977426637,0,0.443618863201806,1.59629398292734,312
172112.5,4817,52.4600373676562,35.7302262819182,-60300,1.13544433295953,308.445340501792,0,0.343124780298061,2.85427031509121,313
147675,4618,52.4902555218709,31.9781290601992,-62025,1.11982959732224,253.301886792453,0,0.334061661869345,2.38089480048368,314
32437.5,4129,49.9152337127634,7.8560184063938,-68675,1.02805951428386,48.6501687289089,0,0.341856991244341,0.47233345467783,315
103637.5,2642,54.9205147615443,39.2269114307343,-61762.5,1.08787493375729,182.943512797882,0,0.427117459929727,1.67800040477636,316
147900,7073,52.665064329139,20.9105047363212,-50362.5,1.09707989071128,330.226067541167,0,0.323821886147277,2.93670886075949,317
129087.5,4510,52.6385809312639,28.6225055432372,-49450,1.10250734535059,289.028827315981,0,0.406522138686121,2.61046511627907,318
154687.5,5092,53.8688138256088,30.378534956795,-57987.5,1.11077195746357,274.207844006204,0,0.461844287417413,2.66760077602932,319
80662.5,2539,54.3127215439149,31.7693974005514,-65162.5,1.07296142191669,134.4375,0,0.329610438774265,1.23786687128333,320
19962.5,2168,53.7361623616236,9.20779520295203,-62175,1.02173143914653,33.8778107764107,0,0.240630145460564,0.321069561720949,321
86425,4338,52.83540802213,19.922775472568,-47825,1.07390226174698,189.788635739775,0,0.375726758374891,1.80710925248301,322
111975,4969,52.6866572751057,22.5347152344536,-48475,1.07962242013759,245.223104297837,0,0.441288909168201,2.30995358432182,323
90762.5,6917,51.322827815527,13.1216567876247,-42575,1.06470499122236,226.481597005614,0,0.644098318165748,2.1318261890781,324
94587.5,6590,52.1699544764795,14.353186646434,-44962.5,1.06623832491531,215.706955530217,0,0.29252103765715,2.10369752571587,325
24775,5216,51.5145705521472,4.74980828220859,-59512.5,1.02166451697527,42.5595877174146,0,0.389162454153149,0.416299096828397,326
73725,4304,49.8838289962825,17.1294144981413,-62050,1.06432333984055,122.26368159204,0,0.489503731104617,1.18815471394037,327
115362.5,2674,55.2356020942408,43.1422961854899,-67212.5,1.09559371892609,185.582143575307,0,0.470703320502635,1.71638460107867,328
88675,4309,51.8449756323973,20.5790206544442,-61325,1.07156187267353,158.206958073149,0,0.341295370995197,1.44598450876478,329
1762.5,4700,50.8297872340426,0.375,-45200,1.00168773340994,4.12039742840444,0,0.194025754370227,0.0389933628318584,330
28362.5,3585,52.1338912133891,7.91143654114365,-66275,1.02561699821618,44.9395919984155,0,0.199783738089205,0.427951716333459,331
68050,4012,52.3678963110668,16.9616151545364,-54087.5,1.05886678200692,129.804482594182,0,0.302577952019299,1.25814652183961,332
20462.5,2168,53.8284132841328,9.43842250922509,-62175,1.02228818059281,34.7263470513364,0,0.243402426295976,0.329111379171693,333
-8350,2924,52.5649794801642,-2.85567715458276,-68275,0.991243363701907,-12.6659082290482,0,0.150538436093957,-0.122299523983889,334
65150,4778,53.1393888656342,13.6354123064044,-68987.5,1.04985365293746,97.3477773627195,0,0.337630757888952,0.944373980793622,335
93375,5204,53.9584934665642,17.9429285165258,-64287.5,1.06464733881437,149.161341853035,0,0.458434803635491,1.4524596538985,336
-28087.5,5365,50.7921714818267,-5.23532152842498,-75337.5,0.976862720869888,-37.9945891105851,0,0.120684174921268,-0.372822299651568,337
103300,2642,54.8826646479939,39.0991672975019,-61762.5,1.08758041098358,182.347749338041,0,0.424903803380188,1.67253592390204,338
65662.5,4909,53.3509879812589,13.3759421470768,-76587.5,1.04830167166265,88.6133603238866,0,0.380104240628102,0.857352701158805,339
70587.5,3716,53.0947255113025,18.9955597416577,-52275,1.06735528811174,151.882732651963,0,0.306173618715418,1.35031085604974,340
102650,2642,54.9583648750946,38.8531415594247,-61762.5,1.08703393602815,181.200353045013,0,0.421203116047216,1.66201173851447,341
91950,2577,54.5983701979045,35.6810244470314,-61387.5,1.0813015318641,164.086549185813,0,0.349801877769479,1.49786194257789,342
16837.5,3184,52.858040201005,5.28815954773869,-54362.5,1.01751397737615,33.3003708281829,0,0.174716982237182,0.309726373879053,343
100362.5,7090,51.311706629055,14.1555007052186,-42625,1.07068030564456,248.961240310078,0,0.744379593246278,2.35454545454545,344
112275,4110,52.2384428223844,27.3175182481752,-54275,1.09722988991004,225.678391959799,0,0.265388411792739,2.06863196683556,345
47462.5,3778,51.7469560614082,12.5628639491795,-62825,1.04224521584335,80.2748414376321,0,0.280111688108627,0.755471547950657,346
116087.5,2670,55.0936329588015,43.4784644194757,-68075,1.0967809168499,184.192780642602,0,0.447126972038409,1.7052882849798,347
127462.5,2669,55.1892094417385,47.756650430873,-67075,1.10715862039976,205.543237250554,0,0.419023941462196,1.90029817368617,348
53025,4450,52.5842696629214,11.9157303370787,-73600,1.04370717634331,77.6496430532674,0,0.33054028080176,0.720448369565217,349
110875,4598,52.522836015659,24.1137451065681,-55812.5,1.08638572639001,217.722140402553,0,0.363347462312768,1.98656215005599,350
129087.5,4510,52.6385809312639,28.6225055432372,-49450,1.10250734535059,289.028827315981,0,0.406522138686121,2.61046511627907,351
27125,5588,50.8947745168218,4.85415175375805,-74325,1.02223201204832,37.1638979277274,0,0.325215331889278,0.364951227716112,352
109225,2662,55.1089406461307,41.0311795642374,-69412.5,1.09153955749246,169.73581973582,0,0.408082423301871,1.57356383936611,353
109975,2662,54.9962434259955,41.3129226145755,-69412.5,1.09217584443886,170.901320901321,0,0.411633411748929,1.58436880965244,354
78637.5,4128,52.3498062015504,19.0497819767442,-59412.5,1.06616951006584,145.322245322245,0,0.32433595570413,1.32358510414475,355
93375,5204,53.9584934665642,17.9429285165258,-64287.5,1.06464733881437,149.161341853035,0,0.458434803635491,1.4524596538985,356
109225,2662,55.1089406461307,41.0311795642374,-69412.5,1.09153955749246,169.73581973582,0,0.408082423301871,1.57356383936611,357
177075,4940,53.7246963562753,35.8451417004049,-48875,1.12704135166402,391.867219917012,0,0.428405840127433,3.6230179028133,358
96400,6857,52.4281755869914,14.0586262213796,-47875,1.06420086078436,224.970828471412,0,0.294416388489409,2.01357702349869,359
70587.5,3716,53.0947255113025,18.9955597416577,-52275,1.06735528811174,151.882732651963,0,0.306173618715418,1.35031085604974,360
72550,2620,54.5801526717557,27.6908396946565,-67412.5,1.06135371409846,116.686771210294,0,0.366484455408216,1.07620990172446,361
65662.5,4909,53.3509879812589,13.3759421470768,-76587.5,1.04830167166265,88.6133603238866,0,0.380104240628102,0.857352701158805,362
7237.5,4301,52.4529179260637,1.68274819809347,-74837.5,1.00602622814321,9.89067304407243,0,0.190361805982317,0.0967095373308836,363
127325,2669,55.1517422255526,47.7051330086175,-67075,1.10705089804626,205.321507760532,0,0.41830326679544,1.89824822959374,364
47125,3518,52.7856736782263,13.3953951108584,-57312.5,1.04474193280403,86.7464335020709,0,0.257772736434901,0.822246455834242,365
95225,2643,54.9375709421112,36.0291335603481,-60725,1.08007315688789,165.644705370733,0,0.442659687711199,1.56813503499382,366
20662.5,3277,51.754653646628,6.30530973451327,-44375,1.02125607592007,50.7522259748235,0,0.113188408326693,0.465633802816901,367
53100,5803,51.4906083060486,9.15043942788213,-49950,1.04184644482534,109.399948493433,0,0.336884157926382,1.06306306306306,368
33850,2437,54.4932293803857,13.8900287238408,-74812.5,1.0313081681022,47.4754558204769,0,0.284513821948875,0.452464494569758,369
89487.5,4085,53.1456548347613,21.906364749082,-53337.5,1.07620172861583,180.645975271259,0,0.417475385221106,1.67775955003515,370
81850,5106,53.6427732079906,16.030160595378,-69200,1.058037297029,121.236807998519,0,0.418595370492276,1.18280346820809,371
42575,4190,52.6491646778043,10.1610978520286,-60650,1.03671405935044,72.4835071291764,0,0.237590421685862,0.701978565539984,372
47462.5,3778,51.7469560614082,12.5628639491795,-62825,1.04224521584335,80.2748414376321,0,0.280111688108627,0.755471547950657,373
-28087.5,5365,50.7921714818267,-5.23532152842498,-75337.5,0.976862720869888,-37.9945891105851,0,0.120684174921268,-0.372822299651568,374
105750,7235,51.1955770559779,14.6164478230822,-41162.5,1.07362347596794,272.200772200772,0,0.767570159949738,2.56908593987246,375
93375,5204,53.9584934665642,17.9429285165258,-64287.5,1.06464733881437,149.161341853035,0,0.458434803635491,1.4524596538985,376
94587.5,6590,52.1699544764795,14.353186646434,-44962.5,1.06623832491531,215.706955530217,0,0.29252103765715,2.10369752571587,377
172112.5,4817,52.4600373676562,35.7302262819182,-60300,1.13544433295953,308.445340501792,0,0.343124780298061,2.85427031509121,378
154600,7495,52.6751167444963,20.6270847231488,-50850,1.09402463129086,332.831001076426,0,0.299216155118748,3.04031465093412,379
138062.5,4756,52.6492851135408,29.0291211101766,-70000,1.10325228332913,212.44470090402,0,0.411890869406218,1.97232142857143,380
67275,2480,54.7983870967742,27.1270161290323,-70262.5,1.06196605798236,102.808022922636,0,0.329057955081112,0.957480875289094,381
20262.5,2305,54.4034707158351,8.79067245119306,-78675,1.02010044020088,27.0527369826435,0,0.238406697489654,0.257546870034954,382
68100,2479,54.780153287616,27.470754336426,-70262.5,1.06273606632888,104.068767908309,0,0.333769254770334,0.969222558263654,383
46675,3365,52.2436849925706,13.8707280832095,-45512.5,1.04867429673854,112.74154589372,0,0.230380937335787,1.02554243339742,384
80500,2540,54.4488188976378,31.6929133858268,-65162.5,1.07282349349225,134.166666666667,0,0.328754712608523,1.2353731056973,385
7237.5,4301,52.4529179260637,1.68274819809347,-74837.5,1.00602622814321,9.89067304407243,0,0.190361805982317,0.0967095373308836,386
-31012.5,3253,51.8290808484476,-9.53350753150938,-96312.5,0.970473776286194,-33.7505101346756,0,0.0813665607705173,-0.321998702141467,387
94400,4521,52.8201725282017,20.8803362088034,-46612.5,1.0773445581262,211.896745230079,0,0.381561227972762,2.02520783051756,388
77762.5,4743,52.6460046384145,16.3952139995783,-55225,1.05704251826993,151.509985387238,0,0.430789254850573,1.40810321412404,389
36900,3584,52.8459821428571,10.2957589285714,-52400,1.03873863233731,74.3951612903226,0,0.159831962389677,0.704198473282443,390
46462.5,3920,50.3316326530612,11.8526785714286,-62275,1.04194170813446,77.9735682819383,0,0.285238824610841,0.746085909273384,391
44837.5,3615,51.8672199170124,12.4031811894882,-54487.5,1.04229503944157,89.8772237534453,0,0.322208954660775,0.822895159440239,392
23737.5,5899,50.6017969147313,4.02398711646042,-70875,1.01852556410782,34.8184818481848,0,0.322328659421352,0.334920634920635,393
109225,2662,55.1089406461307,41.0311795642374,-69412.5,1.09153955749246,169.73581973582,0,0.408082423301871,1.57356383936611,394
27200,3942,53.2470826991375,6.90005073566717,-57725,1.02530114878378,49.197377345693,0,0.194251150459159,0.471199653529667,395
23737.5,5899,50.6017969147313,4.02398711646042,-70875,1.01852556410782,34.8184818481848,0,0.322328659421352,0.334920634920635,396
181975,4852,53.9365210222589,37.505152514427,-54087.5,1.13450114101463,358.306669948314,0,0.398966927999416,3.36445574300901,397
27200,3942,53.2470826991375,6.90005073566717,-57725,1.02530114878378,49.197377345693,0,0.194251150459159,0.471199653529667,398
80662.5,2539,54.3127215439149,31.7693974005514,-65162.5,1.07296142191669,134.4375,0,0.329610438774265,1.23786687128333,399
147675,4618,52.4902555218709,31.9781290601992,-62025,1.11982959732224,253.301886792453,0,0.334061661869345,2.38089480048368,400
82725,4442,52.4088248536695,18.6233678523188,-65075,1.06632525230254,138.076361360317,0,0.348905319060322,1.27122550902804,401
91800,2577,54.5595653861079,35.6228172293364,-61975,1.08122007055883,162.119205298013,0,0.330591977531484,1.48124243646632,402
129087.5,4510,52.6385809312639,28.6225055432372,-49450,1.10250734535059,289.028827315981,0,0.406522138686121,2.61046511627907,403
130150,4997,52.9317590554333,26.0456273764259,-54162.5,1.08974469478874,254.013173944865,0,0.499408313063352,2.40295407339026,404
65150,4778,53.1393888656342,13.6354123064044,-68987.5,1.04985365293746,97.3477773627195,0,0.337630757888952,0.944373980793622,405
28362.5,3585,52.1338912133891,7.91143654114365,-66275,1.02561699821618,44.9395919984155,0,0.199783738089205,0.427951716333459,406
172112.5,4817,52.4600373676562,35.7302262819182,-60300,1.13544433295953,308.445340501792,0,0.343124780298061,2.85427031509121,407
21175,2305,54.4902386117137,9.18655097613883,-78675,1.02101632673316,28.2710280373832,0,0.24266553379856,0.26914521766762,408
94700,4251,53.1404375441073,22.277111267937,-59500,1.07950633867853,174.562211981567,0,0.331426851339648,1.59159663865546,409
126975,2670,55.3183520599251,47.5561797752809,-67075,1.10673643728525,204.757105422294,0,0.416252153649595,1.89303019008572,410
95225,2643,54.9375709421112,36.0291335603481,-60725,1.08007315688789,165.644705370733,0,0.442659687711199,1.56813503499382,411
169187.5,4739,52.5005275374552,35.7010972779067,-61487.5,1.13490481411343,295.330569495963,0,0.3082534702653,2.75157552348038,412
20662.5,3277,51.754653646628,6.30530973451327,-44375,1.02125607592007,50.7522259748235,0,0.113188408326693,0.465633802816901,413
-12900,4344,50.2992633517495,-2.96961325966851,-66462.5,0.986799524168894,-19.9574550377103,0,0.0719639618007757,-0.194094414143314,414
137437.5,4856,52.4711696869852,28.3026153212521,-59200,1.10009650049161,249.489448604493,0,0.4189470211694,2.32157939189189,415
93125,2576,54.5807453416149,36.1510093167702,-61975,1.08242518116944,164.459161147903,0,0.337052555571519,1.50262202501008,416
172112.5,4817,52.4600373676562,35.7302262819182,-60300,1.13544433295953,308.445340501792,0,0.343124780298061,2.85427031509121,417
127487.5,2674,55.3103964098729,47.6767015706806,-66075,1.10667294216086,208.953083384552,0,0.445063618367594,1.92943624668937,418
22837.5,2305,54.3600867678959,9.90780911062907,-75375,1.02265765486451,31.9573202728704,0,0.251875738396336,0.302985074626866,419
27200,3942,53.2470826991375,6.90005073566717,-57725,1.02530114878378,49.197377345693,0,0.194251150459159,0.471199653529667,420
86025,5159,53.9251792983136,16.6747431672805,-66675,1.06020628657912,132.371609924986,0,0.414082592688075,1.29021372328459,421
110875,4598,52.522836015659,24.1137451065681,-55812.5,1.08638572639001,217.722140402553,0,0.363347462312768,1.98656215005599,422
103475,2642,55.0340651021953,39.165404996215,-61762.5,1.08777063850542,182.656663724625,0,0.42627389846834,1.67536935842947,423
93125,2576,54.5807453416149,36.1510093167702,-61975,1.08242518116944,164.459161147903,0,0.337052555571519,1.50262202501008,424
20000,2168,53.7822878228782,9.22509225092251,-62175,1.02178322963608,33.9414509970301,0,0.240942192698708,0.321672698029755,425
109400,2663,55.1257979722118,41.0814870446864,-69412.5,1.09168141963734,170.00777000777,0,0.408435892923415,1.57608499909959,426
9187.5,3405,52.0411160058737,2.69823788546256,-73562.5,1.00878209647163,13.2480173035328,0,0.203200591036432,0.124893797790994,427
24775,5216,51.5145705521472,4.74980828220859,-59512.5,1.02166451697527,42.5595877174146,0,0.389162454153149,0.416299096828397,428
-12900,4344,50.2992633517495,-2.96961325966851,-66462.5,0.986799524168894,-19.9574550377103,0,0.0719639618007757,-0.194094414143314,429
67275,2480,54.7983870967742,27.1270161290323,-70262.5,1.06196605798236,102.808022922636,0,0.329057955081112,0.957480875289094,430
88675,4309,51.8449756323973,20.5790206544442,-61325,1.07156187267353,158.206958073149,0,0.341295370995197,1.44598450876478,431
116087.5,2670,55.0936329588015,43.4784644194757,-68075,1.0967809168499,184.192780642602,0,0.447126972038409,1.7052882849798,432
109975,2662,54.9962434259955,41.3129226145755,-69412.5,1.09217584443886,170.901320901321,0,0.411633411748929,1.58436880965244,433
53075,3832,52.8705636743215,13.8504697286013,-60387.5,1.05043114711262,90.765284309534,0,0.215517956791421,0.878907058580004,434
87987.5,4350,52.4367816091954,20.2270114942529,-55462.5,1.07111178461383,177.215508559919,0,0.390714956482019,1.58643227405905,435
105750,7235,51.1955770559779,14.6164478230822,-41162.5,1.07362347596794,272.200772200772,0,0.767570159949738,2.56908593987246,436
132575,4640,52.3922413793103,28.5721982758621,-61162.5,1.1017284045349,236.108637577916,0,0.419189545312279,2.16758634784386,437
80500,2540,54.4488188976378,31.6929133858268,-65162.5,1.07282349349225,134.166666666667,0,0.328754712608523,1.2353731056973,438
76225,6327,52.2838628101786,12.0475738896792,-44337.5,1.05532119496684,179.511333529585,0,0.319627726145653,1.71919932337186,439
109975,2662,54.9962434259955,41.3129226145755,-69412.5,1.09217584443886,170.901320901321,0,0.411633411748929,1.58436880965244,440
102437.5,4820,53.1535269709544,21.2525933609958,-58175,1.07729309125206,182.070650966452,0,0.371988577819254,1.76085088096261,441
76225,6327,52.2838628101786,12.0475738896792,-44337.5,1.05532119496684,179.511333529585,0,0.319627726145653,1.71919932337186,442
95837.5,4678,52.6934587430526,20.4868533561351,-60037.5,1.07083660553425,173.069977426637,0,0.443618863201806,1.59629398292734,443
44837.5,3615,51.8672199170124,12.4031811894882,-54487.5,1.04229503944157,89.8772237534453,0,0.322208954660775,0.822895159440239,444
102650,2642,54.9583648750946,38.8531415594247,-61762.5,1.08703393602815,181.200353045013,0,0.421203116047216,1.66201173851447,445
33662.5,3745,50.3604806408545,8.98865153538051,-62412.5,1.0311415884176,56.5399958009658,0,0.290554478777294,0.53935509713599,446
154600,7495,52.6751167444963,20.6270847231488,-50850,1.09402463129086,332.831001076426,0,0.299216155118748,3.04031465093412,447
172112.5,4817,52.4600373676562,35.7302262819182,-60300,1.13544433295953,308.445340501792,0,0.343124780298061,2.85427031509121,448
67562.5,2480,54.8387096774194,27.2429435483871,-70262.5,1.06224376986503,103.247373447947,0,0.330639947593301,0.961572673901441,449
46675,3365,52.2436849925706,13.8707280832095,-45512.5,1.04867429673854,112.74154589372,0,0.230380937335787,1.02554243339742,450
20425,2168,53.7361623616236,9.42112546125461,-62175,1.02223673824882,34.662706830717,0,0.243106409530357,0.328508242862887,451
20462.5,2168,53.8284132841328,9.43842250922509,-62175,1.02228818059281,34.7263470513364,0,0.243402426295976,0.329111379171693,452
78637.5,4128,52.3498062015504,19.0497819767442,-59412.5,1.06616951006584,145.322245322245,0,0.32433595570413,1.32358510414475,453
105750,7235,51.1955770559779,14.6164478230822,-41162.5,1.07362347596794,272.200772200772,0,0.767570159949738,2.56908593987246,454
103300,2642,54.8826646479939,39.0991672975019,-61762.5,1.08758041098358,182.347749338041,0,0.424903803380188,1.67253592390204,455
136350,5053,53.0773797743915,26.9839699188601,-53650,1.09264481059963,281.496774193548,0,0.551287770808055,2.54147250698975,456
84200,3899,53.0392408309823,21.5952808412413,-54162.5,1.07439312614583,170.273003033367,0,0.398581087246435,1.55458112162474,457
129087.5,4510,52.6385809312639,28.6225055432372,-49450,1.10250734535059,289.028827315981,0,0.406522138686121,2.61046511627907,458
130150,4997,52.9317590554333,26.0456273764259,-54162.5,1.08974469478874,254.013173944865,0,0.499408313063352,2.40295407339026,459
91950,2577,54.5983701979045,35.6810244470314,-61387.5,1.0813015318641,164.086549185813,0,0.349801877769479,1.49786194257789,460
147675,4618,52.4902555218709,31.9781290601992,-62025,1.11982959732224,253.301886792453,0,0.334061661869345,2.38089480048368,461
109225,2662,55.1089406461307,41.0311795642374,-69412.5,1.09153955749246,169.73581973582,0,0.408082423301871,1.57356383936611,462
68100,2479,54.780153287616,27.470754336426,-70262.5,1.06273606632888,104.068767908309,0,0.333769254770334,0.969222558263654,463
126512.5,2669,55.2641438741102,47.4007118771075,-67075,1.10635212525613,204.011288046765,0,0.414397204532388,1.88613492359299,464
77762.5,4743,52.6460046384145,16.3952139995783,-55225,1.05704251826993,151.509985387238,0,0.430789254850573,1.40810321412404,465
109662.5,2663,55.1633496057079,41.1800600826136,-69412.5,1.09190044206072,170.415695415695,0,0.409714666809915,1.5798667386998,466
86025,5159,53.9251792983136,16.6747431672805,-66675,1.06020628657912,132.371609924986,0,0.414082592688075,1.29021372328459,467
169187.5,4739,52.5005275374552,35.7010972779067,-61487.5,1.13490481411343,295.330569495963,0,0.3082534702653,2.75157552348038,468
20187.5,2168,53.690036900369,9.31157749077491,-62175,1.02198206046087,34.2596521001273,0,0.241952865890095,0.324688379573784,469
20962.5,2305,54.4468546637744,9.0943600867679,-78675,1.02080438666137,27.9873164218959,0,0.24164350177622,0.266444232602479,470
7237.5,4301,52.4529179260637,1.68274819809347,-74837.5,1.00602622814321,9.89067304407243,0,0.190361805982317,0.0967095373308836,471
80937.5,2540,54.6062992125984,31.865157480315,-63187.5,1.07325903716694,140.181857544923,0,0.341294631889971,1.2809099901088,472
21175,2305,54.4902386117137,9.18655097613883,-78675,1.02101632673316,28.2710280373832,0,0.24266553379856,0.26914521766762,473
92487.5,4477,49.9441590350681,20.6583649765468,-62562.5,1.08064656769777,151.867816091954,0,0.468730147892626,1.47832167832168,474
93675,5010,53.6327345309381,18.6976047904192,-61237.5,1.06869620218354,155.73566084788,0,0.45929554670497,1.52969993876301,475
91800,2577,54.5595653861079,35.6228172293364,-61975,1.08122007055883,162.119205298013,0,0.330591977531484,1.48124243646632,476
65662.5,4909,53.3509879812589,13.3759421470768,-76587.5,1.04830167166265,88.6133603238866,0,0.380104240628102,0.857352701158805,477
67275,2480,54.7983870967742,27.1270161290323,-70262.5,1.06196605798236,102.808022922636,0,0.329057955081112,0.957480875289094,478
147900,7073,52.665064329139,20.9105047363212,-50362.5,1.09707989071128,330.226067541167,0,0.323821886147277,2.93670886075949,479
20962.5,2305,54.4468546637744,9.0943600867679,-78675,1.02080438666137,27.9873164218959,0,0.24164350177622,0.266444232602479,480
76450,2620,54.7328244274809,29.1793893129771,-65925,1.06458493933282,125.947281713344,0,0.383986479005477,1.15965111869549,481
172112.5,4817,52.4600373676562,35.7302262819182,-60300,1.13544433295953,308.445340501792,0,0.343124780298061,2.85427031509121,482
21262.5,2305,54.4034707158351,9.22451193058568,-78675,1.02109453476692,28.3878504672897,0,0.242976195136382,0.270257387988561,483
27200,3942,53.2470826991375,6.90005073566717,-57725,1.02530114878378,49.197377345693,0,0.194251150459159,0.471199653529667,484
110875,4598,52.522836015659,24.1137451065681,-55812.5,1.08638572639001,217.722140402553,0,0.363347462312768,1.98656215005599,485
76087.5,4319,52.2574670062514,17.6169252141699,-63475,1.06172176029203,130.091899978628,0,0.283612674570843,1.19870027569909,486
132575,4640,52.3922413793103,28.5721982758621,-61162.5,1.1017284045349,236.108637577916,0,0.419189545312279,2.16758634784386,487
21262.5,2305,54.4034707158351,9.22451193058568,-78675,1.02109453476692,28.3878504672897,0,0.242976195136382,0.270257387988561,488
24775,5216,51.5145705521472,4.74980828220859,-59512.5,1.02166451697527,42.5595877174146,0,0.389162454153149,0.416299096828397,489
150600,4589,53.8461538461538,32.8176073218566,-61037.5,1.1172121259291,270.863309352518,0,0.430389970595577,2.46733565431087,490
25062.5,3542,50.7622811970638,7.07580463015246,-61950,1.02350996095353,41.4684591520165,0,0.310117336362826,0.4045601291364,491
27125,5588,50.8947745168218,4.85415175375805,-74325,1.02223201204832,37.1638979277274,0,0.325215331889278,0.364951227716112,492
33687.5,2437,54.3701272055806,13.8233483791547,-74812.5,1.03114814729202,47.2475455820477,0,0.283760036289721,0.450292397660819,493
67225,6691,51.2180541025258,10.0470781646988,-43637.5,1.04852520549676,164.414552124732,0,0.635168166511716,1.54053279862504,494
88675,4309,51.8449756323973,20.5790206544442,-61325,1.07156187267353,158.206958073149,0,0.341295370995197,1.44598450876478,495
153012.5,7240,52.8176795580111,21.1343232044199,-62200,1.09735400081122,272.143174744331,0,0.308891842050062,2.46000803858521,496
111987.5,4865,52.4357656731757,23.01901336074,-44437.5,1.08180689226948,267.432835820896,0,0.425716274310224,2.52011251758087,497
27125,5588,50.8947745168218,4.85415175375805,-74325,1.02223201204832,37.1638979277274,0,0.325215331889278,0.364951227716112,498
115362.5,2674,55.2356020942408,43.1422961854899,-67212.5,1.09559371892609,185.582143575307,0,0.470703320502635,1.71638460107867,499
136350,5053,53.0773797743915,26.9839699188601,-53650,1.09264481059963,281.496774193548,0,0.551287770808055,2.54147250698975,500