Net Profit,Total Trades,% Profitable,Avg Trade,Max Intraday Drawdown,Profit Factor,Return on Account,Custom Fitness Value,numStratsToGenerate (_EntryFinder)
12481.583,2279,53.3128565160158,5.47678060552874,-11318.592,1.06876453812963,115.671339702729,0,1
16975.868,2014,53.6742800397219,8.4289314796425,-10172.36,1.08616556090054,169.736546354355,0,2
23925.833,3037,54.0006585446164,7.87811425749095,-12456.723,1.08485048641308,207.608605673657,0,3
18997.5,3067,52.5921095533094,6.1941636778611,-14567.5,1.0815562114301,133.339182312686,0,4
22090,3082,53.9584685269306,7.16742375081116,-9687.5,1.08989998677343,251.594533029613,0,5
34184.14,6853,52.9111338100102,4.98820078797607,-9281.376,1.10076159346934,384.603977885137,0,6
23469.123,1332,54.1291291291291,17.6194617117117,-10507.371,1.22906612643431,230.194653674062,0,7
12723,3089,53.123988345743,4.11880867594691,-12324.5,1.06234075496844,105.808973346085,0,8
5002.12,2468,51.5397082658023,2.02679092382496,-7666.47,1.03761272738442,67.767558245239,0,9
17130,1176,54.5068027210884,14.5663265306122,-9250,1.13975117275138,202.721893491124,0,10
16500.625,945,55.7671957671958,17.4609788359788,-9098.125,1.28167075642804,185.29618192027,0,11
18012.5,2468,54.2949756888169,7.29841977309562,-11590,1.09833089951278,160.754127621598,0,12
12022.02,2678,51.8670649738611,4.4891784914115,-9540.482,1.08428312588446,130.383856288641,0,13
4492.5,1339,53.3980582524272,3.35511575802838,-11398.5,1.03183799298395,41.4208002950396,0,14
29900,3271,52.0941608070926,9.1409354937328,-13563.125,1.11791412282885,223.928103351432,0,15
23600,1611,55.12104283054,14.649286157666,-10118.5,1.1300805838193,252.961037569002,0,16
16993.1,1999,51.575787893947,8.5008004002001,-7040.664,1.11100003842161,282.480869942204,0,17
15227.375,1520,54.9342105263158,10.0180098684211,-11467.16,1.12498014787626,141.234507785236,0,18
12263.358,2075,52.433734939759,5.91005204819277,-9769.004,1.08093904984342,130.614045962703,0,19
11817.531,2430,52.880658436214,4.86318148148148,-9580.03,1.06494724157189,126.831155896466,0,20
13689,1615,53.6842105263158,8.47616099071207,-17551.5,1.09413617389989,79.430196123941,0,21
9405.58,1986,53.5246727089627,4.73594159113797,-7549.86,1.07904467812101,140.855865637332,0,22
21597.5,2749,52.091669698072,7.8564932702801,-8545,1.10660562459124,269.463505926388,0,23
24499.485,3277,52.273420811718,7.47619316447971,-8746.092,1.11654758012738,286.339663014376,0,24
5471.71,2235,52.0805369127517,2.44819239373602,-7680.48,1.04192024511159,74.7698505206974,0,25
29047.669,6496,52.2167487684729,4.47162392241379,-10305.615,1.08748507785369,295.782585917481,0,26
41216,7049,52.4187828060718,5.84707050645482,-10525,1.11486827326921,399.186440677966,0,27
8033.67,1158,53.3678756476684,6.93753886010363,-6176.44,1.08534417109309,140.685383459595,0,28
11125.5,1454,53.576341127923,7.65165061898212,-8181,1.14078901578664,140.909378760053,0,29
36291.538,3100,54.6451612903226,11.7069477419355,-13002.197,1.12115776161251,302.689367379342,0,30
27841.476,2969,53.8901987201078,9.37739171438195,-13138.76,1.09548899861798,229.938560766633,0,31
31074.354,6153,53.4373476352999,5.05027693807899,-12921.456,1.07820264809864,260.932645985089,0,32
19192.5,2086,53.6433365292426,9.20062320230105,-12660,1.085911883526,166.384915474642,0,33
8177.5,2088,54.5498084291188,3.91642720306513,-12047.5,1.05257067549541,72.9319955406912,0,34
25718.746,3464,53.0311778290993,7.42458025404157,-11189.566,1.10534874876409,236.657166792178,0,35
27089.75,3058,53.3355134074559,8.8586494440811,-10763.25,1.13077485662425,260.284403449353,0,36
17144.536,2551,52.8028224225794,6.72071187769502,-8744.36,1.08871972640073,202.609544473674,0,37
23173.269,1293,54.8337200309358,17.9220951276102,-9895.479,1.22657980748654,242.311374605711,0,38
21205.952,2119,52.5719679093912,10.0075280792827,-12291.802,1.12309344904771,178.850519726989,0,39
21104.538,2077,54.3090996629754,10.1610678863746,-12150.648,1.11608622603888,178.816147642248,0,40
24728,2873,53.7417333797424,8.6070309780717,-12091.75,1.09333469213668,221.845422329879,0,41
7755,857,53.9089848308051,9.04900816802801,-10205,1.08725002109527,78.7909575819152,0,42
20655.649,1862,51.8796992481203,11.0932593984962,-8134.847,1.13446314806076,260.891040900443,0,43
18875,3089,54.0628034962771,6.11039171252833,-12915,1.07214248858142,148.680582906656,0,44
30584.5,4433,53.2596435822242,6.89927814121363,-11652,1.10592016290881,268.002979320014,0,45
23760.53,1732,53.6374133949192,13.7185508083141,-10496.635,1.18236937075881,236.443534692289,0,46
20766.358,4871,53.2128926298501,4.26326380619996,-11584.36,1.07550709012661,184.477358695054,0,47
16237.5,2475,52.7272727272727,6.56060606060606,-10776.875,1.07408695949742,168.515275345398,0,48
26901.681,4526,52.364118426867,5.94380932390632,-10251.892,1.09340212605439,270.499879690378,0,49
7082.5,4736,52.0059121621622,1.49546030405405,-9705,1.02558729757314,76.0536912751678,0,50
31860.219,3556,52.3622047244095,8.95956664791901,-12633.218,1.11551103199453,269.879220984498,0,51
10447.5,923,54.9295774647887,11.319068255688,-10915,1.10857365549493,100.095808383234,0,52
15757.5,708,52.8248587570621,22.2563559322034,-7387.5,1.23785803237858,233.099112426036,0,53
19930,5617,52.0918639843333,3.54815737938401,-11325,1.06546822261824,180.01580670656,0,54
29547.5,4017,53.2984814538213,7.35561364202141,-11617.5,1.11729271076267,267.337706401267,0,55
18816.06,3005,54.1430948419301,6.2615840266223,-15939.85,1.07455994969755,126.794138754772,0,56
20011.39,2674,52.1316379955123,7.48369109947644,-16269.417,1.09737966079799,125.642988741764,0,57
15047.5,2608,53.7960122699387,5.76974693251534,-9667.5,1.07455901298186,164.229195088677,0,58
15630.75,2235,53.6017897091723,6.99362416107383,-10913.5,1.09088979632184,148.071047957371,0,59
17315,1894,54.012671594509,9.14202745512144,-10677.5,1.08332230549908,169.879813588423,0,60
14137.5,1718,53.9580908032596,8.2290454016298,-11060,1.07653786289504,134.674922600619,0,61
15542.553,1453,55.1961459050241,10.6968706125258,-10684.537,1.13121402337759,155.367174089412,0,62
19710,2609,53.7370640091989,7.55461862782675,-7777.5,1.10623618821754,262.101063829787,0,63
25905,3723,53.3172172978781,6.95809830781628,-13012.5,1.10300710770913,202.027685708715,0,64
6598.608,3090,52.2330097087379,2.13547184466019,-15091.724,1.02853006237209,45.993831065545,0,65
4083.5,2079,50.6974506974507,1.96416546416546,-14851.5,1.02770803930084,28.2370431836255,0,66
16955.86,4242,52.3102310231023,3.99713814238567,-15010.58,1.05986015921536,116.791338799621,0,67
17119.055,2543,53.5981124655918,6.73183444750295,-7826.877,1.09406467696951,226.162007784789,0,68
21796.25,2864,52.3743016759777,7.61042248603352,-10164.375,1.09184619436397,242.80442804428,0,69
16465.772,2257,53.5666814355339,7.29542401417811,-12719.684,1.07385234618778,142.171284145843,0,70
22092.821,5984,52.4398395721925,3.69198211898396,-11168.796,1.06314179880047,203.128169737197,0,71
21719.71,1408,53.9772727272727,15.4259303977273,-9332.365,1.19800485565076,241.467881952647,0,72
4942.5,594,53.7037037037037,8.32070707070707,-8357,1.08839862997773,64.3345265213147,0,73
28942.741,2994,53.8410153640615,9.66691416165665,-13620.91,1.0989880439992,229.695853239679,0,74
21173.153,1631,53.5867565910484,12.9817001839362,-11766.438,1.16864603359391,187.05953685761,0,75
15469.828,2903,53.9097485359972,5.32891078194971,-14351.292,1.05590417575156,110.924308769672,0,76
8514.894,2103,50.9272467902996,4.0489272467903,-7732.462,1.06306385079969,124.003774188865,0,77
26687.5,2897,53.1239212978944,9.2121159820504,-12419,1.12006550459005,220.694645441389,0,78
19869,2956,53.6197564276049,6.72158322056834,-9609,1.07976530877493,212.41180243746,0,79
14346.74,1789,53.7171604248183,8.01941866964785,-7287.506,1.1280385201681,203.499684964807,0,80
21262.5,2117,54.0859707132735,10.0436939064714,-10890,1.10893860115407,204.496273142582,0,81
22351.25,2176,53.3547794117647,10.2717141544118,-13488.125,1.11755811010266,179.474053999799,0,82
28194.14,2081,53.5800096107641,13.5483613647285,-11639.29,1.14160269050807,248.735135096985,0,83
12389.948,2961,53.4954407294833,4.18437960148598,-14702.88,1.04627468509907,87.0984264151585,0,84
12923.392,2961,53.4954407294833,4.36453630530226,-14672.52,1.04832001474884,91.2525281154541,0,85
19231.964,2063,54.3383422200679,9.32232864760058,-11303.578,1.10048249871852,180.90323483658,0,86
30404.618,3006,54.0252827677977,10.1146433799069,-10922.524,1.10752568402852,306.80670399991,0,87
23255,1593,53.9861895794099,14.5982423101067,-10132.5,1.15452854010233,259.180830314851,0,88
32192.359,3081,54.5602077247647,10.4486721843557,-12705.718,1.10851311085973,275.307952011157,0,89
22890.653,1632,53.1862745098039,14.0261354166667,-11251.438,1.18413476568558,211.873235481359,0,90
17687.5,1845,54.3631436314363,9.58672086720867,-11370.5,1.12615186009358,165.861777944486,0,91
26040.925,2082,53.0259365994236,12.507648895293,-10621.81,1.14794309029185,276.652044857684,0,92
31373.611,5899,53.0598406509578,5.31846262078318,-13325.519,1.08528951328863,239.941611495498,0,93
9190,1873,52.0555258942872,4.90656700480513,-16893.75,1.05571385268263,55.5119299305346,0,94
8067.359,974,54.3121149897331,8.28270944558522,-6323.222,1.1359676627432,134.479786255501,0,95
15605,2493,52.5471319695146,6.25952667468913,-9812.5,1.07298587287222,170.360262008734,0,96
21597.5,2749,52.091669698072,7.8564932702801,-8545,1.10660562459124,269.463505926388,0,97
16062.221,4407,50.6693896074427,3.64470637621965,-14079.718,1.05338818224938,115.751766826023,0,98
18732.5,1717,51.6016307513104,10.9100174723355,-7773.75,1.12867826997879,247.907361455749,0,99
9929.375,1543,52.6247569669475,6.4351101749838,-6695.625,1.08497130540357,167.425439983138,0,100
25421.974,5098,52.9423303256179,4.98665633581797,-11970.508,1.07439113753026,218.204854243266,0,101
34134.932,5212,52.4942440521873,6.54929623944743,-13035.664,1.09908880499505,267.606076798511,0,102
9978.58,1828,53.1181619256018,5.45874179431072,-11183.22,1.06394132759804,93.4479716656896,0,103
20397.5,2064,54.1666666666667,9.88250968992248,-11308.75,1.11064326057919,191.773416382654,0,104
20855,3094,54.169360051713,6.74046541693601,-13932.5,1.07506186169973,154.195933456562,0,105
8733.25,1506,54.1168658698539,5.79897078353254,-11891.5,1.05827041958439,77.0195784460711,0,106
22259,3753,53.1841193711697,5.93098854249933,-16174.5,1.08307131354485,143.259855189059,0,107
22513.912,8543,51.3519840805338,2.63536368957041,-10952.41,1.05932444846334,211.530833788392,0,108
22260.048,1534,53.3246414602347,14.5111134289439,-8219.664,1.16740861261758,301.392250471855,0,109
7357.5,1629,52.9158993247391,4.51657458563536,-10688.75,1.05101757792185,74.0843297671491,0,110
16770.684,1746,53.2646048109966,9.60520274914089,-12920.424,1.08896282362872,134.672660011416,0,111
32408.71,3096,54.4250645994832,10.4679295865633,-11012.16,1.11030055562245,324.098119336057,0,112
14240.944,1521,54.043392504931,9.36288231426693,-9888.934,1.10935130654785,157.944304810527,0,113
10647.5,1158,55.6131260794473,9.1947322970639,-10845.5,1.10366010972054,106.003285380059,0,114
21235,3096,54.1020671834625,6.85885012919897,-11647.5,1.07484359855494,186.190267426567,0,115
22692,3209,52.103459021502,7.0713617949517,-8906.5,1.10893510795339,260.333849595595,0,116
32560.658,3072,54.1015625,10.5991725260417,-13148.85,1.10987884091342,268.290367367454,0,117
10418.221,1629,53.5911602209945,6.39547022713321,-7102.433,1.10578942536592,149.967496695689,0,118
25593.667,3096,54.4250645994832,8.26668830749354,-13204.83,1.08764067900556,208.334031343634,0,119
6707.5,2785,52.2441651705566,2.40843806104129,-6952.5,1.03978150567735,100.336574420344,0,120
20140,4017,53.3233756534727,5.01369180980831,-14610,1.07390757882955,143.421755385437,0,121
7358.572,1369,53.3235938641344,5.37514390065741,-11302.876,1.05704659713652,68.0931117114009,0,122
22950,1265,54.3083003952569,18.1422924901186,-9917.5,1.17560303766475,249.185667752443,0,123
22057.5,3058,53.7279267495095,7.21304774362328,-12068.125,1.07671573529028,201.749271137026,0,124
23715.522,2171,53.431598341778,10.9237779824965,-11510.388,1.13632121475618,223.775925920334,0,125
15479.578,1584,52.7146464646465,9.77246085858586,-8240.628,1.11553953496353,198.90938659453,0,126
16140.555,1543,52.8191834089436,10.4605022683085,-8164.917,1.12258976045524,211.652817914811,0,127
10815,1591,53.362664990572,6.79761156505343,-7686.25,1.09089190040971,147.468893812852,0,128
29305,4017,53.3980582524272,7.29524520786657,-10937.5,1.1235455311973,279.161705167897,0,129
27477.5,3092,54.6895213454075,8.88664294954722,-12717.5,1.10233419923093,227.03986779591,0,130
22881.44,2795,53.7388193202147,8.18656171735242,-12292.178,1.08839213984351,201.743988178264,0,131
22970,2892,53.1120331950208,7.94260027662517,-11172.5,1.1074155044016,211.998154130134,0,132
30426.25,3990,53.1328320802005,7.62562656641604,-11170,1.11407241473039,281.87134502924,0,133
5508.996,2205,51.8367346938776,2.49841088435374,-8698.228,1.03284908789513,69.1835481428179,0,134
15058.982,2246,55.0756901157614,6.70480053428317,-9813.317,1.08588430625852,160.486766033802,0,135
27372.5,3097,54.4397804326768,8.83839199225056,-13042.5,1.09326791205609,225.659521846661,0,136
25597.5,3086,53.49967595593,8.29471808165911,-12067.5,1.10110695276936,231.180853465794,0,137
32607.288,3095,54.5718901453958,10.5354726978998,-12475.944,1.10931550425398,284.445826228139,0,138
-2960,742,51.078167115903,-3.98921832884097,-9350,0.948548583347819,-32.3762646978398,0,139
12851,2225,53.123595505618,5.77573033707865,-11015.5,1.07253812894413,122.268207982494,0,140
3240.872,1059,53.4466477809254,3.06031350330501,-10261.112,1.02713346350096,32.9690755964678,0,141
25224.646,3302,53.4524530587523,7.63920230163537,-9063.222,1.11827733825036,305.513762059031,0,142
15759.083,2279,53.6200087757788,6.91491136463361,-11123.131,1.09122378180294,143.976011981402,0,143
2771.723,1755,52.5925925925926,1.57932934472934,-8369.295,1.02676957887688,35.7855652011797,0,144
20340,1932,53.1573498964803,10.527950310559,-12373.125,1.12619774236954,170.378514213916,0,145
19027.5,2213,52.5530953456846,8.59805693628559,-12978.75,1.09514225711286,160.147290899527,0,146
25821.21,3041,53.9296284117067,8.49102597829661,-11783.98,1.09206025036077,227.323396837694,0,147
19928.04,2329,52.8553027050236,8.55647917561185,-11392.86,1.11449809577776,181.451154700093,0,148
12139.443,1947,52.8505392912173,6.23494761171032,-14830.364,1.12055767654002,82.719876658596,0,149
11304.68,1439,52.8839471855455,7.8559277275886,-10114.655,1.09247144183459,118.875816209947,0,150
12865,1319,54.20773313116,9.75360121304018,-5916.25,1.11984233722833,228.914590747331,0,151
21387.5,3096,54.1020671834625,6.90810723514212,-11647.5,1.07539371293106,187.527400263043,0,152
6513.874,1225,53.2244897959184,5.31744816326531,-19914.115,1.05911769445244,33.6606221237866,0,153
16527.5,1240,54.5967741935484,13.3286290322581,-6727.5,1.18772716946842,314.509990485252,0,154
9933.125,1715,54.402332361516,5.79190962099125,-7733.125,1.09345964763719,144.403052880247,0,155
27430,2888,53.7049861495845,9.49792243767313,-11037.5,1.12686446361261,255.340935536421,0,156
14621.268,5104,52.096394984326,2.86466849529781,-11811.11,1.04822181610354,126.57890020959,0,157
13645.597,2412,52.653399668325,5.65737852404644,-11593.933,1.07534148129746,132.656257032929,0,158
28947.5,1789,55.5058692006708,16.1808272778088,-10878.75,1.17426049528568,274.611644729041,0,159
24718.022,2171,53.6158452326117,11.3855467526485,-11933.244,1.13715953455294,220.267575230248,0,160
11228.572,1370,53.7956204379562,8.19603795620438,-11645.376,1.09078808843338,98.6088326812438,0,161
23941,2081,53.2916866890918,11.5045651129265,-12096,1.11935707412891,203.00595679732,0,162
28095.392,3789,51.7286883082608,7.4149886513592,-12226.172,1.11569283007488,238.730351223995,0,163
23341.124,2312,54.5847750865052,10.0956418685121,-11582.784,1.10306053501967,206.906515379842,0,164
15090.92,4176,51.7241379310345,3.61372605363985,-9900.48,1.06407342358205,175.437462508196,0,165
25577.75,1527,54.0275049115914,16.7503274394237,-10247.5,1.21843262088828,257.905218048903,0,166
32962.5,6201,53.6526366715046,5.31567489114659,-13390,1.08610443550494,250.856164383562,0,167
25331.396,4884,50.1433251433251,5.18660851760852,-15071.444,1.08443778289015,170.590843473714,0,168
17911,2311,53.56988316746,7.75032453483341,-12865.5,1.07924607607818,152.492443914691,0,169
29516.25,2784,53.3405172413793,10.6021012931034,-11800.625,1.11456142521341,273.393539423411,0,170
31141.105,4061,53.2381186899778,7.66833415414922,-11092.16,1.12346307015197,290.911668376202,0,171
969.25,1559,52.2129570237332,0.621712636305324,-8891.25,1.00870774151237,11.7144065748127,0,172
17325,2708,53.8035450516987,6.39771048744461,-14396.25,1.06712888406706,123.810799946402,0,173
24849.7,2116,54.6786389413989,11.7437145557656,-11917.172,1.10926498400253,223.964227298766,0,174
23164.5,1697,53.6240424278138,13.6502651738362,-11472,1.23142399008946,210.099315223799,0,175
24980.854,3016,53.9456233421751,8.28277652519894,-11761.116,1.08997639781498,220.552825275161,0,176
24037.5,1593,54.0489642184557,15.0894538606403,-10380,1.16629481658278,264.220939818632,0,177
10211.662,2417,53.4546959040132,4.22493256102607,-11001.262,1.05320272233566,97.7058646126196,0,178
19031.054,1616,55.5074257425743,11.7766423267327,-9637.238,1.13777339282556,203.974900151081,0,179
15136.25,2507,53.0913442361388,6.03759473474272,-11370,1.0774297096306,138.785100286533,0,180
21545.5,2030,53.0541871921182,10.6135467980296,-12444.5,1.12947705584,178.438030560272,0,181
18537.5,2892,53.9419087136929,6.40992392807746,-11427.5,1.0929967140743,168.752844788348,0,182
12765.279,2129,52.8417097228746,5.99590371066228,-11064.644,1.07429230963247,120.887399234292,0,183
17017.5,3101,54.434053531119,5.48774588842309,-15582.5,1.06380346246497,117.362068965517,0,184
30605,6170,52.9497568881686,4.96029173419773,-13805,1.09055001627267,228.352919231487,0,185
18873.189,2290,54.5414847161572,8.2415672489083,-10599.071,1.11214279575019,197.179637491066,0,186
34966.555,3101,54.950016123831,11.2758964850048,-12130.898,1.11689565322326,314.492744368388,0,187
-8.75,1353,52.9194382852919,-0.00646711012564671,-9255,0.999893494005234,-0.0976698758197293,0,188
12940.103,1788,53.9709172259508,7.23719407158837,-11732.169,1.07170304554156,112.957373334241,0,189
31026.735,2473,53.2147189648201,12.5461928831379,-10681.272,1.13306706112643,301.761243710052,0,190
24510.4,2822,54.0751240255138,8.68547129695252,-11860.008,1.09044351684588,226.513535788093,0,191
9927.5,2469,52.5313892264075,4.0208586472256,-8635,1.07653906942678,116.179052077238,0,192
36590,3101,54.950016123831,11.7994195420832,-13035,1.12172625730848,304.346017883136,0,193
28529.5,2979,54.1121181604565,9.5768714333669,-13263,1.10462246507023,233.503846783434,0,194
19801.25,1674,53.5244922341697,11.8287037037037,-8358.75,1.15395679957237,269.932691488455,0,195
22057.31,1733,53.3179457587998,12.7278188113099,-9158.058,1.17742941777657,252.010848527807,0,196
6381.5,1267,53.27545382794,5.03670086819258,-5749.5,1.06620603080243,121.772731609579,0,197
27323.125,2993,53.9926495155363,9.12900935516205,-13066.25,1.09357474935144,226.853821804784,0,198
19114.549,2474,52.2231204527082,7.72617178658044,-15895.008,1.09775314252956,122.959795411687,0,199
22314.055,2251,54.1981341625944,9.91295202132386,-10748.619,1.10966505899515,213.457703021317,0,200
29501.528,4307,51.9387044346413,6.84966983979568,-18292.336,1.1131484915648,163.15108844344,0,201
5357.642,2013,53.6015896671634,2.66152111276701,-7168.938,1.03913929353223,78.3116356532063,0,202
21999.393,1980,53.4343434343434,11.1108045454545,-12255.942,1.13482299737112,186.10524440438,0,203
4813.652,2146,53.8676607642125,2.24308108108108,-7477.548,1.0338417299512,67.9170285689776,0,204
11540.83,1103,54.6690843155032,10.4631278331822,-12943.275,1.1090211024736,91.1542144931886,0,205
24718.022,2171,53.6158452326117,11.3855467526485,-11933.244,1.13715953455294,220.267575230248,0,206
36672,3312,53.9855072463768,11.0724637681159,-9856.5,1.14787424721113,404.299652720357,0,207
16774.136,3783,52.5508855405763,4.43408300290775,-10712.62,1.06233543155851,162.616973917899,0,208
9885,1314,52.8919330289193,7.52283105022831,-13405,1.07034335527486,79.6053956110328,0,209
26261.13,4589,52.9527130093702,5.72262584441055,-10302.378,1.08701366581276,264.682333385811,0,210
19159.829,2538,53.8613081166273,7.54918400315209,-11375.389,1.07641040022147,181.550504418321,0,211
29535,3102,55.0934880722115,9.52127659574468,-12617.5,1.10048567224353,245.409223099294,0,212
13720,1521,54.1748849441157,9.02038132807364,-10001.25,1.10263219411847,150.294399561824,0,213
7158.676,1673,52.6001195457262,4.27894560669456,-8235.964,1.05525321380789,91.1240937458471,0,214
6005,4736,51.9214527027027,1.26794763513514,-10280,1.02020371943578,59.4996284369581,0,215
25848.028,2768,53.4320809248555,9.33816040462428,-13249.124,1.10227202550398,200.697097100703,0,216
13265.688,1869,53.0230069555912,7.09774638844302,-6675.634,1.10770382340029,209.178724765035,0,217
11967,1713,53.8820782253357,6.98598949211909,-10783.5,1.06753176396895,115.305680011562,0,218
10063.58,1827,53.1472359058566,5.50825396825397,-11183.22,1.06452113815832,94.2439844843054,0,219
27352.148,3054,54.4204322200393,8.95617157825802,-13339.701,1.09671109179351,222.335401608216,0,220
6927.5,1873,51.3614522156967,3.69861185264282,-17047.5,1.04867295498059,42.0230512587201,0,221
18829.172,1048,54.675572519084,17.9667671755725,-8101.82,1.21701267976828,249.722176834949,0,222
15093.25,2053,54.2620555284949,7.35180224062348,-11333.75,1.09776481580741,140.102571242922,0,223
13616.704,2475,52.5252525252525,5.50169858585859,-9177.35,1.0685210933036,154.343275884543,0,224
14933.184,1706,52.5791324736225,8.75333177022274,-9551.206,1.10552647188641,163.049059550552,0,225
28614.708,2905,53.8382099827883,9.85015765920826,-12980.104,1.10811985813321,226.543631727421,0,226
28320.169,6496,52.2321428571429,4.3596319273399,-10221.987,1.07775773008265,287.206992556089,0,227
32266.25,3078,54.093567251462,10.4828622482131,-12498.125,1.11129123354646,280.820278503046,0,228
23152.5,2000,54,11.57625,-11640,1.16523337139595,208.816234498309,0,229
15692.247,6841,51.4398479754422,2.29385279929835,-8256.316,1.04329315195966,194.861279008473,0,230
32158.006,3100,54.6451612903226,10.3735503225806,-12321.262,1.10714258846064,284.363628839302,0,231
34715.839,3072,54.1015625,11.3007288411458,-13101.425,1.11755711298872,287.170604499573,0,232
26133.986,3732,52.8670953912111,7.00267577706324,-11243.764,1.10628965182852,238.782091899998,0,233
23242.973,1815,54.1597796143251,12.8060457300275,-15356.811,1.15620266216473,155.989108198703,0,234
26807.168,3035,54.7281713344316,8.83267479406919,-13470.172,1.1016546067272,210.471055877057,0,235
13581.108,3090,54.0776699029126,4.39518058252427,-14823.768,1.05377627536782,99.8517785253551,0,236
40495.691,6081,53.1162637724059,6.6593802006249,-13114.126,1.11748400285825,321.134559864821,0,237
11959.146,1124,52.5800711743772,10.6398096085409,-6492.509,1.11754526378525,209.010571866496,0,238
27185,3100,54.0322580645161,8.76935483870968,-11182.5,1.09441039087326,253.237074988356,0,239
9405.58,1986,53.5246727089627,4.73594159113797,-7549.86,1.07904467812101,140.855865637332,0,240
16698.188,1869,54.2536115569823,8.93428999464955,-9971.972,1.10932585817737,183.507218880392,0,241
26036.22,2832,53.4957627118644,9.19358050847458,-10381.625,1.1423069857568,270.650857003562,0,242
19866.875,1279,52.3064894448788,15.5331313526192,-6022.5,1.1849629922726,383.530405405405,0,243
34260,3102,54.9323017408124,11.0444874274662,-10580,1.11584989559645,348.87983706721,0,244
19676.268,4451,52.5050550438104,4.42063985621209,-15881.996,1.06672452273626,126.621017824516,0,245
25468.793,2790,54.1218637992832,9.12859964157706,-11519.117,1.10494968649956,230.136257602898,0,246
21679.488,1811,54.058531198233,11.9710038652678,-12526.434,1.14061995040513,179.359829134218,0,247
6408.795,3879,51.533900489817,1.65217710750193,-10170.728,1.02910890450977,64.8545305511142,0,248
22814.604,2306,53.0789245446661,9.89358369470945,-12044.136,1.10623341270222,196.019333692816,0,249
29319.603,2819,53.4941468605889,10.4007105356509,-12110.946,1.11242557940344,263.921180114512,0,250
22507.008,1942,54.4284243048404,11.5896024716787,-9040.752,1.14690142725191,257.227064204456,0,251
34344.7,5676,53.0831571529246,6.05086328400282,-10559.068,1.09451814309561,335.018994167526,0,252
26030,5972,53.3657066309444,4.35867381111855,-10440.5,1.08138991334147,281.603288797533,0,253
20389.894,2101,52.2608281770585,9.70485197524988,-7639.541,1.12077171310626,278.377771385265,0,254
20865,3094,54.169360051713,6.7436974789916,-13932.5,1.07508434168503,154.269870609982,0,255
24759.71,1408,53.6221590909091,17.5850213068182,-10077.16,1.27634332779301,254.215342219338,0,256
22110.468,2568,52.803738317757,8.6099953271028,-7400.424,1.14453080156812,366.3448997121,0,257
9444.375,1405,53.1672597864769,6.72197508896797,-11228.125,1.07247064917127,88.2033621293486,0,258
16739.75,2655,52.9943502824859,6.30499058380414,-10514.75,1.06971983577693,168.327509489932,0,259
21470,2159,53.358036127837,9.94441871236684,-10858.75,1.11014174914793,204.063205417607,0,260
12419.828,3391,52.5213801238573,3.66258566794456,-14352.748,1.05504539907784,88.9451786462156,0,261
26220.25,2962,54.3889264010804,8.8522113436867,-11871.75,1.10645255913044,241.494358738199,0,262
6738.125,1173,53.6231884057971,5.74435208866155,-10217.5,1.0595099440835,70.0610865609566,0,263
30066.182,5671,52.9007229765473,5.30174254981485,-12217.234,1.07936108384592,256.612227012963,0,264
3261.268,5104,51.7045454545455,0.638963166144201,-14856.134,1.01144125869015,22.4510389343785,0,265
23388.696,2437,53.5494460402134,9.59733114485023,-13417.54,1.10145991739357,179.390110183422,0,266
18361.672,1047,54.9188156638013,17.5374135625597,-8396.82,1.20868767228235,240.40801747958,0,267
11136.73,1789,53.2699832308552,6.22511458915595,-14088.6,1.06330622606845,86.0712916648633,0,268
16032.5,2358,53.6471586089907,6.79919423240034,-10407.5,1.09021213144272,162.149178255373,0,269
24451.475,2315,53.4773218142549,10.562192224622,-13064,1.12300183128366,202.387741588379,0,270
10447.5,923,54.9295774647887,11.319068255688,-10915,1.10857365549493,100.095808383234,0,271
13865.5,740,53.7837837837838,18.7371621621622,-4132.5,1.20543459740568,417.384105960265,0,272
32962.5,6201,53.6526366715046,5.31567489114659,-13390,1.08610443550494,250.856164383562,0,273
17956.73,1790,52.9050279329609,10.0316927374302,-10311.1,1.10772194446642,196.217106341502,0,274
31795.048,3101,54.821025475653,10.2531596259271,-10846.736,1.10753955630034,323.30979244346,0,275
18025.184,1321,53.671461014383,13.6451052233157,-9320.722,1.14716572284122,208.814512165044,0,276
20164.75,3058,53.1720078482668,6.59409744931328,-13060.75,1.08660625127506,165.580029971466,0,277
39950.238,6151,54.251341245326,6.49491757437815,-12438.584,1.10255506423915,343.478200312198,0,278
15871.55,3085,54.0032414910859,5.14474878444084,-13312.201,1.05370142871809,128.686744216574,0,279
16313.39,2604,52.6113671274962,6.26474270353303,-11538.65,1.06720023107792,147.084747749332,0,280
9897.313,2851,53.1041739740442,3.47152332514907,-14909.587,1.03840252861227,69.9792896983802,0,281
15795,3101,54.4018058690745,5.09351821992905,-14672.5,1.06214222484509,117.434944237918,0,282
8595.264,2298,51.348999129678,3.74032375979112,-14760.024,1.05522850759807,59.8138458223869,0,283
18906.191,2823,53.7371590506553,6.69719837052781,-10332.953,1.09271795915288,189.574652562787,0,284
7367.5,1629,52.9158993247391,4.52271332105586,-10688.75,1.05109046149579,74.1850220264317,0,285
28370,3097,54.5689376816274,9.16047788182112,-12525,1.09692600722589,244.305705059203,0,286
24777.75,1526,53.997378768021,16.2370576671035,-10245,1.21201665140716,249.901664145235,0,287
5837.519,4615,52.1993499458288,1.26490119176598,-10096.529,1.02001475179265,58.9111102611568,0,288
5026.909,1283,53.4684333593141,3.91808963367108,-9659.125,1.03831479531606,54.8980855980068,0,289
19731.262,2231,53.7427162707306,8.84413357238906,-11496.868,1.10266354429892,177.125200386437,0,290
24817.5,3100,54,8.00564516129032,-11477.5,1.08920660310385,236.695278969957,0,291
22295.316,2320,53.5775862068966,9.61005,-9397.236,1.11660625960517,245.761714935002,0,292
15937.5,3271,52.9807398349129,4.8723631916845,-12386.25,1.07658255599536,136.495021946258,0,293
15790,2469,53.3009315512353,6.39530174159579,-6250,1.10049963402603,274.728142670726,0,294
27867.5,3830,51.644908616188,7.27610966057441,-12475.625,1.11443530483658,229.197080291971,0,295
6040,2088,53.544061302682,2.89272030651341,-9822.5,1.0431305341331,64.7200642914546,0,296
22014.97,2462,53.6149471974005,8.94190495532088,-12105.4,1.10218474674626,187.076453742809,0,297
26355.153,3002,54.2638241172552,8.7791982011992,-13591.189,1.09519094180753,210.065008585476,0,298
17491.77,5522,53.0604853314017,3.1676512133285,-13125.06,1.05089182461781,140.749833434721,0,299
12756.028,1977,52.9084471421345,6.45221446636318,-11821.35,1.07978415743299,109.446717000377,0,300
18106.076,1067,55.3889409559513,16.9691433926898,-8983.443,1.28422552448776,212.426785748435,0,301
8556.545,1049,55.1954242135367,8.15685891325072,-7010.72,1.1073063629774,136.018532059923,0,302
29172.5,6148,52.6024723487313,4.74503903708523,-11302.5,1.08547716018635,277.041785375119,0,303
22522.463,3003,53.2134532134532,7.49998767898768,-11336.894,1.08694793347286,208.988443237912,0,304
26817.812,3054,54.4204322200393,8.78120890635233,-13360.194,1.09474399532315,217.629456675626,0,305
24865.894,3037,54.0006585446164,8.18765031280869,-12421.414,1.0883284217179,216.125258967246,0,306
12930.688,1869,53.6650615302301,6.91850615302301,-7406.796,1.11123752917722,178.187288164088,0,307
22456.755,1689,54.7069271758437,13.2958880994671,-11510.375,1.13926469399014,207.206255838898,0,308
34490,6148,52.7976577748861,5.6099544567339,-11340,1.09234950364485,318.320258421781,0,309
20032.5,3095,53.7641357027464,6.47253634894992,-13617.5,1.0773986032899,153.829909771549,0,310
22916.875,2627,54.3585839360487,8.72359154929577,-9866.25,1.14092069055635,240.329029298027,0,311
20118,4451,52.1231184003595,4.51988317232083,-14001,1.0724463238028,146.113481615978,0,312
39034.102,3120,54.3269230769231,12.5109301282051,-10553.582,1.16436011161721,399.347299982863,0,313
26792.44,3788,53.9862724392819,7.07297782470961,-10239.41,1.12701014718183,265.618301902879,0,314
13912.428,2016,53.7698412698413,6.90100595238095,-5921.074,1.09591019706499,248.912392582453,0,315
17590.54,2329,53.1558608844998,7.55282954057535,-12856.184,1.10170653822179,141.648822200835,0,316
25173.25,3042,53.9119000657462,8.27523011176857,-11303.5,1.0910424954792,231.883290346352,0,317
18966.744,3002,53.3644237175217,6.31803597601599,-11861.092,1.068678717485,162.232441588861,0,318
12506.028,1977,52.8578654527061,6.32576024279211,-11553.85,1.07730847529569,112.89563938184,0,319
9030,3263,52.528348145878,2.76739197057922,-9770,1.04821142552056,97.3322554567502,0,320
3845.858,2075,51.2289156626506,1.85342554216867,-7718.825,1.03079059246217,52.1252532322306,0,321
10634.696,2183,51.6262024736601,4.87159688502061,-17816.9,1.0584298401015,60.8946542184167,0,322
8462.772,2383,52.0772135963072,3.55131011330256,-15955.369,1.05097122126343,54.9861387404645,0,323
23711.829,3096,53.1007751937984,7.65885949612403,-11470.642,1.0852912305753,219.236444771378,0,324
20860.598,2917,53.171066163867,7.1513877271169,-9981.43,1.07831769611051,220.363938675932,0,325
11317.5,2260,51.6814159292035,5.00774336283186,-7025.625,1.07579391488881,169.407802413696,0,326
22624.604,4080,53.0882352941176,5.54524607843137,-10055.376,1.07944674683879,229.39154867201,0,327
22710.42,2685,54.2271880819367,8.45825698324022,-12220.322,1.09055898888687,201.671363808678,0,328
16640,2358,53.8167938931298,7.0568278201866,-9412.5,1.09527490302171,184.22363686687,0,329
9140,1873,52.0555258942872,4.87987186332088,-16893.75,1.05539393939394,55.2099063726971,0,330
33645,3101,54.950016123831,10.8497258948726,-10702.5,1.11397357723577,347.213622291022,0,331
25477.488,2822,53.1892274982282,9.02816725726435,-10893.852,1.12303350807037,254.902229153685,0,332
22059.375,2210,54.2081447963801,9.98161764705882,-10482.5,1.11030618208411,220.814564564565,0,333
29426.875,2640,53.7878787878788,11.1465435606061,-11480.625,1.13525944141525,286.480073014907,0,334
12088.75,1523,53.0531845042679,7.93745896257387,-7741.875,1.09620396713288,164.710891594993,0,335
34066,4703,52.923665745269,7.2434616202424,-11697,1.10658064960196,299.481318681319,0,336
13170.5,1319,54.5868081880212,9.98521607278241,-8966,1.11090713879708,155.854683154843,0,337
28386.52,4276,52.4321796071094,6.63856875584659,-10511.664,1.10105628044627,290.498322496557,0,338
36184.034,3100,54.4838709677419,11.6722690322581,-13146.618,1.12042777834368,298.200775697088,0,339
16140,2166,54.5244690674054,7.45152354570637,-11090,1.10568014404976,162.333417148604,0,340
34113.75,3100,54.9032258064516,11.004435483871,-12258.25,1.11395455847463,303.347931440767,0,341
17781.25,2308,52.7296360485269,7.70418110918544,-9537.5,1.08056979411515,189.061669324827,0,342
29172.5,6148,52.6024723487313,4.74503903708523,-11302.5,1.08547716018635,277.041785375119,0,343
23965,3455,53.7192474674385,6.93632416787265,-12985,1.0884635616135,187.923936483043,0,344
20413.147,1890,53.2275132275132,10.8006068783069,-6647.849,1.16185799460618,394.286356106025,0,345
28203.125,3262,52.2072348252606,8.64596106683016,-11752.5,1.10670068477603,249.5299712453,0,346
25150.625,4329,53.1762531762532,5.80980018480019,-9431.875,1.08784403269184,271.184042051351,0,347
14862.656,2110,54.1706161137441,7.04391279620853,-11323.312,1.09415189848271,140.093625389854,0,348
25453.5,6158,52.3059434881455,4.13340370250081,-10549.5,1.07281499239052,246.654392170163,0,349
23345.362,1453,53.819683413627,16.0670075705437,-10642.554,1.205692819327,228.987134349656,0,350
33956.875,2475,52.8484848484849,13.7199494949495,-10231.25,1.15175239648739,354.687295991644,0,351
34235,9232,52.6754766031196,3.7082972270364,-13122.5,1.07510640164977,269.67309964553,0,352
16444,1267,54.5382794001579,12.9786898184688,-7890.5,1.16332368262923,248.080259485555,0,353
15810,2088,53.5919540229885,7.57183908045977,-7607.5,1.15414615122118,218.068965517241,0,354
28272.5,2777,54.1231544832553,10.1809506661865,-10221.25,1.10649678409658,291.093951093951,0,355
18037.5,924,55.3030303030303,19.5211038961039,-8405,1.21301408284373,218.702637162777,0,356
1583.53,942,53.8216560509554,1.68102972399151,-8975.37,1.01882461116918,18.2164233446491,0,357
18614.847,2844,53.3403656821378,6.54530485232068,-13799.239,1.08460435856604,141.270643309222,0,358
14318.221,1629,54.0208717004297,8.78957704112953,-8915.546,1.10283694733284,177.824415568674,0,359
13457.026,1365,54.6520146520146,9.85862710622711,-11028.6,1.10822262965958,125.473108321955,0,360
23782,2474,52.6677445432498,9.61277283751011,-12349.5,1.10228003363173,214.406779661017,0,361
15781.64,1789,53.8848518725545,8.82148686416993,-7303.448,1.11061945165818,217.433787407676,0,362
15837.968,2568,53.0763239875389,6.16743302180685,-10820.734,1.08401391746029,157.9000428299,0,363
19131.902,2488,52.6929260450161,7.68967122186495,-14256.438,1.09411116025262,146.80539330726,0,364
22880.488,1154,55.1993067590988,19.8271126516464,-7926.076,1.19095301918159,342.778641031526,0,365
12641.943,2035,55.1842751842752,6.212257002457,-11018.309,1.0819470294917,122.017996818754,0,366
20850,3486,52.6678141135972,5.98106712564544,-8345,1.11640728592365,299.03191107924,0,367
10515,3263,51.9460619062213,3.22249463683727,-10560,1.06077507730544,102.310873266845,0,368
5640,4367,51.6372795969773,1.29150446530799,-19865,1.02042608672033,28.5895323786592,0,369
19068.84,2687,52.2515816896167,7.09670264235207,-7770.376,1.09463274346402,254.408051043737,0,370
20138.75,1278,52.8169014084507,15.758020344288,-5976.25,1.17308766652342,364.131540287038,0,371
15130,1625,52.8,9.31076923076923,-9358.5,1.11059860673533,168.748605844301,0,372
19045.613,2925,53.6752136752137,6.51132068376068,-11085.961,1.0762823342577,175.076355010143,0,373
8569.375,1241,53.4246575342466,6.90521756647865,-10915.625,1.0722810901998,84.4845646681866,0,374
16939,1733,54.1834968263128,9.77437968840162,-10731,1.11692229109433,165.784193785173,0,375
20097.935,3023,53.9861065167053,6.64834105193516,-13174.915,1.06944300212557,166.38217358838,0,376
20697.576,1169,55.0042771599658,17.7053686911891,-7848.932,1.23596716758217,287.744486336792,0,377
10401.25,1353,54.4715447154472,7.68754619364376,-11230,1.09172683679656,97.049218567763,0,378
6338.5,925,54.2702702702703,6.85243243243243,-5797.5,1.0634786309807,120.252324037185,0,379
19785.076,2453,52.7924989808398,8.0656649001223,-7126.162,1.11517159587949,305.778818828175,0,380
19452.5,3100,54.258064516129,6.275,-13487.5,1.06505798446501,156.182256122039,0,381
10452.5,1556,53.7275064267352,6.71754498714653,-10080,1.0758389261745,113.521585663861,0,382
16676.922,3003,53.7462537462537,5.55342057942058,-9136.448,1.06887417361859,199.224624694508,0,383
16915,4343,50.5180750633203,3.89477319825006,-13800,1.05675043772738,124.380716025553,0,384
36468.101,3100,54.7096774193548,11.7639035483871,-13002.197,1.12176918746496,304.161990081985,0,385
15297.352,3001,52.4491836054648,5.09741819393536,-17240.664,1.06655040169641,90.443921211009,0,386
12504.394,2277,53.3596837944664,5.49160913482653,-11143.756,1.06916090892403,118.290230276501,0,387
29958.112,2687,53.9263118719762,11.1492787495348,-11767.536,1.11499852104731,279.370663933212,0,388
18979.244,3002,53.3644237175217,6.3221998667555,-11861.092,1.0687239800756,162.339360600361,0,389
26908.933,2190,53.4703196347032,12.2871840182648,-11240.054,1.12614383323295,255.48345633927,0,390
36880.561,3101,54.7887778136085,11.8931186713963,-13305.634,1.12224090757588,299.514465849495,0,391
20258.75,2705,53.1238447319778,7.48937153419593,-13487.5,1.09068121415583,158.426197458456,0,392
6082.716,1238,53.3117932148627,4.9133408723748,-5759.848,1.06387672424276,111.645522223691,0,393
25100.392,2823,53.9496989018774,8.89138930216082,-11203.916,1.11852360091024,233.081881221843,0,394
15188.048,872,53.5550458715596,17.4174862385321,-5529.644,1.21208632405571,303.58706532898,0,395
4119,2468,51.5397082658023,1.66896272285251,-7970.25,1.03087549917826,53.6205942656296,0,396
34625,3101,54.821025475653,11.1657529829087,-12372.5,1.11536667444108,304.797535211268,0,397
31800,3924,52.7522935779817,8.1039755351682,-14710,1.11271120058695,220.871679110957,0,398
18308.128,3065,54.0293637846656,5.973288091354,-8877.992,1.07474224434612,226.331176023799,0,399
15520,2311,55.2574643011683,6.71570748593682,-11215,1.08682274621689,143.903569772833,0,400
39690,8800,52.0568181818182,4.51022727272727,-11926,1.09235698803129,341.683884297521,0,401
13365,2088,54.9808429118774,6.40086206896552,-12295,1.08475893012858,114.893617021277,0,402
12458.5,799,51.6896120150188,15.5926157697121,-5886.5,1.16610336713131,224.416824281726,0,403
6450.068,1872,51.9230769230769,3.44554914529915,-7405.332,1.04980370135971,89.355230536835,0,404
14209.967,2878,52.5712300208478,4.93744510076442,-19481.902,1.06456228418893,74.2118575365084,0,405
16456.71,2235,53.6017897091723,7.36318120805369,-10785.31,1.09588417905307,160.195368396461,0,406
20230.769,1294,54.1731066460587,15.6342882534776,-9318.228,1.24715289587069,225.080727814203,0,407
6738.125,1173,53.6231884057971,5.74435208866155,-10217.5,1.0595099440835,70.0610865609566,0,408
19396.103,2902,52.7222605099931,6.68370192970365,-13875.201,1.08635771469315,149.755949130809,0,409
18914.244,3002,53.3644237175217,6.30054763491006,-11861.092,1.06848861460451,161.783381740559,0,410
21783,2156,54.3599257884972,10.1034322820037,-11102,1.11836335479664,208.859485114339,0,411
9128.874,1225,53.5510204081633,7.45214204081633,-18728.936,1.07518779293808,49.5826289703856,0,412
1195,1630,51.7177914110429,0.733128834355828,-7405,1.01184839997025,17.0106761565836,0,413
12206.243,1457,52.8483184625944,8.3776547700755,-6998.601,1.09948639601559,185.474178256799,0,414
20701.148,4885,52.3439099283521,4.2376966223132,-13460.412,1.0654709777874,162.74763785297,0,415
20321.875,1850,54.5945945945946,10.9847972972973,-11565,1.1159225495474,186.567592380078,0,416
17038.484,1733,54.1834968263128,9.83178534333526,-10711.926,1.11764284705582,167.063615327293,0,417
20978.106,1705,56.0703812316716,12.3038744868035,-9580.47,1.1511408540771,225.620280555863,0,418
19205,3067,52.6247147049234,6.26181936746006,-14567.5,1.08249216098965,134.795578171609,0,419
7024.43,3038,52.6662277814352,2.31218894009217,-8686.278,1.03929798052633,85.7288298511383,0,420
14862.5,2166,53.8319482917821,6.86172668513389,-9467.5,1.10674782733606,165.001387732445,0,421
22272.5,2609,53.6987351475661,8.5367957071675,-7270,1.12494565446054,319.662719770362,0,422
11885.5,614,56.8403908794788,19.3574918566775,-7741,1.19151936060845,177.39552238806,0,423
15520,2311,55.2574643011683,6.71570748593682,-11215,1.08682274621689,143.903569772833,0,424
19069.25,3995,53.1914893617021,4.77327909887359,-8887.75,1.07505938663009,236.159014210966,0,425
21340.408,1932,53.3643892339544,11.0457598343685,-12278.493,1.13293160600299,180.186774290321,0,426
13435.75,2512,52.3487261146497,5.34862659235669,-9839.231,1.06681670801073,141.664094853868,0,427
10017.568,1870,53.1550802139037,5.35698823529412,-11165.004,1.06329174641552,93.9733981338093,0,428
18200,3072,52.7669270833333,5.92447916666667,-15252.5,1.07849987599608,121.881801439812,0,429
28027.5,2934,53.9877300613497,9.55265848670757,-12831.25,1.09786180980189,237.470874814658,0,430
13645.597,2412,52.653399668325,5.65737852404644,-11593.933,1.07534148129746,132.656257032929,0,431
32085.3,3637,52.3783337915865,8.82191366510861,-12350.024,1.11561485714099,276.206747921281,0,432
14748.524,1706,52.8135990621336,8.64509026963658,-9586.016,1.10584621530548,160.423106894033,0,433
18455.596,2708,53.8035450516987,6.81521270310192,-14250.594,1.07166621560412,133.291501881296,0,434
22054.325,2361,53.9178314273613,9.34109487505294,-12438.23,1.10490112284975,188.647971512472,0,435
21869.6,2072,52.8957528957529,10.5548262548263,-12302.335,1.12953169320032,184.108618495047,0,436
4942.5,594,53.7037037037037,8.32070707070707,-8357,1.08839862997773,64.3345265213147,0,437
15492.078,1584,52.7146464646465,9.78035227272727,-8240.628,1.11563283493509,199.070009017985,0,438
29892.686,3041,54.0611640907596,9.82988687931601,-12756.425,1.10387394643093,254.595040331249,0,439
11928.75,1290,55.6589147286822,9.24709302325581,-10427.5,1.10935405135962,124.306369675655,0,440
7687.5,2088,53.3045977011494,3.68175287356322,-7750,1.06643333981463,106.107660455487,0,441
19943.464,2673,53.6475869809203,7.46107893752338,-13428.944,1.08435669687214,153.217453246063,0,442
27599.28,1625,54.8307692307692,16.9841723076923,-8676.085,1.17629833778589,362.311529092996,0,443
22495.49,3071,53.9238033213937,7.32513513513514,-13780.56,1.0809627807142,175.639122752637,0,444
18102.432,1802,55.1054384017758,10.0457447280799,-10001.168,1.12859154095561,186.264537486001,0,445
17587.4,2356,53.6078098471986,7.46494057724958,-10438.522,1.08635680602984,174.511484136456,0,446
11878,845,55.0295857988166,14.0568047337278,-9095,1.13258398120294,145.635115252575,0,447
10420.575,1046,54.4933078393881,9.96230879541109,-12996.11,1.10043990346619,82.1254258740713,0,448
16147.335,1750,53.9428571428571,9.22704857142857,-5984.3,1.12069633471067,276.199163055387,0,449
5471.71,2235,52.0805369127517,2.44819239373602,-7680.48,1.04192024511159,74.7698505206974,0,450
15327.25,1643,54.5952525867316,9.32881923311016,-9128,1.1410329550003,197.122371551669,0,451
-958.125,1158,53.0224525043178,-0.827396373056995,-7476.875,0.988287606866992,-13.0958482829318,0,452
20281.75,1960,52.2959183673469,10.3478316326531,-7968.58,1.12636758679421,261.663535920156,0,453
36196.5,3311,53.6997885835095,10.9321957112655,-13747.5,1.13999617100523,270.557237358448,0,454
19594.98,1612,54.4044665012407,12.1556947890819,-10649.705,1.12541346644391,200.225720371391,0,455
15924,2649,52.1328803322008,6.01132502831257,-11788.938,1.06486789139016,143.542481327038,0,456
18476.076,1067,54.8266166822868,17.3159100281162,-9412.199,1.25947466959879,202.518870151915,0,457
1939.736,1969,52.4123920771965,0.985137633316404,-11765.388,1.01204328496197,17.158706464361,0,458
9444.375,1405,53.1672597864769,6.72197508896797,-11228.125,1.07247064917127,88.2033621293486,0,459
12389.68,1439,53.2314107018763,8.60992355802641,-10731.8,1.09784036880217,122.125792815486,0,460
21876.875,2540,53.3070866141732,8.61294291338583,-9458.125,1.10368801469281,240.702791913079,0,461
15507.093,2655,53.1073446327684,5.84071299435028,-11741.594,1.06303701645798,139.187880790832,0,462
18398.644,1498,54.9399198931909,12.2821388518024,-10022.371,1.14145911950324,189.581541063245,0,463
19262.61,2744,52.9883381924198,7.01990160349854,-14113.055,1.09052179164876,145.059441084741,0,464
27785,5226,53.6165327210103,5.31668580176043,-10997.5,1.09669813372776,260.402999062793,0,465
13835,5601,52.0978396714872,2.47009462595965,-13757.5,1.04719587910214,102.996463800484,0,466
29863.07,3918,53.0883103624298,7.62201888718734,-10212.947,1.14891390714455,345.683755494516,0,467
20280,3101,54.1438245727185,6.53982586262496,-13527.5,1.06773433977388,162.304921968788,0,468
8296.52,1399,53.9671193709793,5.93032165832738,-7027.148,1.05830619318296,124.073247679904,0,469
20963.348,2431,52.7354997943233,8.62334348004936,-9884.719,1.10997191432235,218.225179913332,0,470
13019.471,1406,53.6273115220484,9.25993669985775,-7879.691,1.11508087818516,172.528697644291,0,471
22021.538,3808,52.8361344537815,5.78296691176471,-10692.596,1.08785164924127,213.183954932845,0,472
27673.75,4036,51.4866204162537,6.85672695738355,-14186.875,1.10138250958232,198.484848484848,0,473
15470.782,1786,52.2956326987682,8.66225195968645,-10460.694,1.11010476504639,150.491909547553,0,474
14046.776,1558,54.6854942233633,9.01590243902439,-11811.45,1.11336715188506,126.299393048325,0,475
13385,3101,54.0148339245405,4.31634956465656,-14270,1.04788737433366,101.037931685224,0,476
13614.656,2073,52.9184756391703,6.56761022672455,-11069.644,1.08123348857048,128.869993158312,0,477
8092.5,2750,50.6545454545455,2.94272727272727,-6942.5,1.05396079215843,125.077279752705,0,478
35091.192,3100,54.9677419354839,11.3197393548387,-12124.076,1.11733272095468,315.807514613589,0,479
20570.972,2118,52.6440037771483,9.71245136921624,-12259.072,1.1192769843917,173.975361449085,0,480
13505.625,1199,55.2126772310259,11.2640742285238,-12113.125,1.11831342188544,114.49690033381,0,481
42595,6155,54.1186027619821,6.92038992688871,-12230,1.1093448167425,372.904355438827,0,482
6480,2088,53.8314176245211,3.10344827586207,-10682.5,1.04467271035125,63.701155074957,0,483
17797,3012,53.6188579017264,5.90869853917663,-13601,1.06129519991459,141.916191539412,0,484
21434.98,1611,54.3140906269398,13.3053879577902,-10399.705,1.13825690931245,226.832266192437,0,485
19372.548,4267,51.8397000234357,4.54008624326225,-13420.06,1.07122293810794,146.840509430893,0,486
15480,2311,54.9112938122025,6.69839896148853,-11215,1.08660745506679,143.532684283727,0,487
22495.49,3071,53.9238033213937,7.32513513513514,-13780.56,1.0809627807142,175.639122752637,0,488
24874.624,2717,53.1836584468163,9.15517997791682,-12816.128,1.1101176111936,204.230521655741,0,489
7368.444,1124,53.7366548042705,6.55555516014235,-10649.66,1.07239518314151,71.653660612388,0,490
12569.62,2468,53.4440842787682,5.09303889789303,-10296.98,1.06530039427149,128.725628951751,0,491
23436.708,2240,53.3482142857143,10.4628160714286,-12183.522,1.13192204054964,197.054396502567,0,492
30698.75,3681,53.0562347188264,8.33978538440641,-13261.25,1.11916811831896,239.203272621019,0,493
6992.5,1630,52.2085889570552,4.2898773006135,-6630,1.06716131201076,115.483071841453,0,494
23307.5,3100,54.6451612903226,7.51854838709678,-13437.5,1.07963747565517,177.07502374169,0,495
14073.25,1786,52.3516237402016,7.87975923852184,-9654.75,1.09599826738245,149.357919872645,0,496
28223.4,2925,54.4957264957265,9.64902564102564,-12100.323,1.11196464323866,252.64294269402,0,497
16114.084,5286,52.1377222852819,3.04844570563753,-12552.524,1.05580243307313,133.118976054901,0,498
25529.398,3390,53.4218289085546,7.53079587020649,-13046.804,1.0892881005541,210.60415697697,0,499
15232.892,2823,53.4183492738222,5.39599433227063,-12380.208,1.07893635755744,126.801538577309,0,500